Exe, Geracao, Alfa, Beta, E, Melhor Custo, Melhor custo da geracao, Media, Pior
0, 0, 1, 5, 0.5, 1061, 1061, 1113, 1179
0, 1, 1, 5, 0.5, 1026, 1026, 1102, 1212
0, 2, 1, 5, 0.5, 1026, 1038, 1095, 1201
0, 3, 1, 5, 0.5, 1026, 1045, 1099, 1202
0, 4, 1, 5, 0.5, 1026, 1046, 1090, 1194
0, 5, 1, 5, 0.5, 1026, 1053, 1090, 1180
0, 6, 1, 5, 0.5, 1026, 1042, 1087, 1164
0, 7, 1, 5, 0.5, 1026, 1041, 1097, 1197
0, 8, 1, 5, 0.5, 1026, 1026, 1089, 1167
0, 9, 1, 5, 0.5, 1026, 1055, 1090, 1167
0, 10, 1, 5, 0.5, 1026, 1077, 1114, 1187
0, 11, 1, 5, 0.5, 1014, 1014, 1097, 1227
0, 12, 1, 5, 0.5, 1014, 1050, 1101, 1189
0, 13, 1, 5, 0.5, 1014, 1034, 1101, 1176
0, 14, 1, 5, 0.5, 1014, 1035, 1092, 1157
0, 15, 1, 5, 0.5, 1014, 1040, 1097, 1187
0, 16, 1, 5, 0.5, 1014, 1024, 1088, 1167
0, 17, 1, 5, 0.5, 1014, 1061, 1102, 1183
0, 18, 1, 5, 0.5, 1014, 1042, 1093, 1168
0, 19, 1, 5, 0.5, 1014, 1039, 1093, 1165
0, 20, 1, 5, 0.5, 1014, 1042, 1091, 1189
0, 21, 1, 5, 0.5, 1014, 1042, 1084, 1152
0, 22, 1, 5, 0.5, 1014, 1032, 1080, 1166
0, 23, 1, 5, 0.5, 1014, 1021, 1093, 1154
0, 24, 1, 5, 0.5, 1014, 1027, 1093, 1220
0, 25, 1, 5, 0.5, 1014, 1038, 1089, 1228
0, 26, 1, 5, 0.5, 1014, 1040, 1083, 1150
0, 27, 1, 5, 0.5, 1014, 1055, 1096, 1170
0, 28, 1, 5, 0.5, 1014, 1039, 1088, 1156
0, 29, 1, 5, 0.5, 1014, 1038, 1094, 1184
0, 30, 1, 5, 0.5, 1014, 1049, 1087, 1166
0, 31, 1, 5, 0.5, 1014, 1041, 1105, 1175
0, 32, 1, 5, 0.5, 1014, 1047, 1082, 1152
0, 33, 1, 5, 0.5, 1014, 1027, 1086, 1191
0, 34, 1, 5, 0.5, 1014, 1039, 1089, 1183
0, 35, 1, 5, 0.5, 1014, 1048, 1086, 1178
0, 36, 1, 5, 0.5, 1014, 1034, 1091, 1153
0, 37, 1, 5, 0.5, 1014, 1037, 1095, 1177
0, 38, 1, 5, 0.5, 1014, 1022, 1083, 1165
0, 39, 1, 5, 0.5, 1014, 1042, 1087, 1169
0, 40, 1, 5, 0.5, 1014, 1031, 1085, 1165
0, 41, 1, 5, 0.5, 1014, 1046, 1088, 1198
0, 42, 1, 5, 0.5, 1014, 1031, 1088, 1167
0, 43, 1, 5, 0.5, 1014, 1032, 1088, 1178
0, 44, 1, 5, 0.5, 1014, 1020, 1072, 1178
0, 45, 1, 5, 0.5, 1014, 1027, 1081, 1147
0, 46, 1, 5, 0.5, 1014, 1074, 1107, 1187
0, 47, 1, 5, 0.5, 1014, 1051, 1094, 1174
0, 48, 1, 5, 0.5, 1014, 1044, 1100, 1204
0, 49, 1, 5, 0.5, 1014, 1047, 1093, 1161
0, 50, 1, 5, 0.5, 1014, 1044, 1090, 1179
0, 51, 1, 5, 0.5, 1014, 1053, 1094, 1162
0, 52, 1, 5, 0.5, 1014, 1047, 1095, 1157
0, 53, 1, 5, 0.5, 1014, 1052, 1087, 1165
0, 54, 1, 5, 0.5, 1014, 1053, 1106, 1177
0, 55, 1, 5, 0.5, 1014, 1036, 1090, 1190
0, 56, 1, 5, 0.5, 1014, 1027, 1088, 1170
0, 57, 1, 5, 0.5, 1014, 1034, 1085, 1163
0, 58, 1, 5, 0.5, 1014, 1019, 1085, 1184
0, 59, 1, 5, 0.5, 1014, 1025, 1101, 1182
0, 60, 1, 5, 0.5, 1014, 1055, 1102, 1188
0, 61, 1, 5, 0.5, 1014, 1051, 1093, 1180
0, 62, 1, 5, 0.5, 1014, 1028, 1090, 1179
0, 63, 1, 5, 0.5, 1014, 1040, 1086, 1170
0, 64, 1, 5, 0.5, 1014, 1059, 1093, 1178
0, 65, 1, 5, 0.5, 1014, 1057, 1089, 1164
0, 66, 1, 5, 0.5, 1014, 1038, 1077, 1178
0, 67, 1, 5, 0.5, 1014, 1053, 1091, 1171
0, 68, 1, 5, 0.5, 1014, 1054, 1090, 1173
0, 69, 1, 5, 0.5, 1014, 1035, 1094, 1164
0, 70, 1, 5, 0.5, 1008, 1008, 1095, 1191
0, 71, 1, 5, 0.5, 1008, 1040, 1091, 1154
0, 72, 1, 5, 0.5, 1008, 1031, 1084, 1151
0, 73, 1, 5, 0.5, 1008, 1036, 1103, 1174
0, 74, 1, 5, 0.5, 1008, 1008, 1088, 1174
0, 75, 1, 5, 0.5, 1008, 1034, 1078, 1147
0, 76, 1, 5, 0.5, 1008, 1039, 1091, 1195
0, 77, 1, 5, 0.5, 1008, 1021, 1099, 1181
0, 78, 1, 5, 0.5, 1008, 1056, 1092, 1175
0, 79, 1, 5, 0.5, 1008, 1042, 1089, 1153
0, 80, 1, 5, 0.5, 1008, 1021, 1080, 1160
0, 81, 1, 5, 0.5, 1008, 1049, 1099, 1178
0, 82, 1, 5, 0.5, 1008, 1031, 1083, 1146
0, 83, 1, 5, 0.5, 1008, 1034, 1089, 1195
0, 84, 1, 5, 0.5, 1008, 1040, 1098, 1168
0, 85, 1, 5, 0.5, 1008, 1015, 1093, 1197
0, 86, 1, 5, 0.5, 1008, 1046, 1087, 1153
0, 87, 1, 5, 0.5, 1008, 1052, 1094, 1186
0, 88, 1, 5, 0.5, 1008, 1055, 1106, 1225
0, 89, 1, 5, 0.5, 1008, 1014, 1092, 1155
0, 90, 1, 5, 0.5, 1008, 1022, 1083, 1159
0, 91, 1, 5, 0.5, 1008, 1020, 1095, 1173
0, 92, 1, 5, 0.5, 1008, 1059, 1099, 1158
0, 93, 1, 5, 0.5, 1008, 1038, 1100, 1204
0, 94, 1, 5, 0.5, 1008, 1024, 1098, 1190
0, 95, 1, 5, 0.5, 1008, 1029, 1095, 1159
0, 96, 1, 5, 0.5, 1008, 1030, 1092, 1176
0, 97, 1, 5, 0.5, 1008, 1048, 1102, 1194
0, 98, 1, 5, 0.5, 1008, 1055, 1099, 1192
0, 99, 1, 5, 0.5, 1008, 1033, 1085, 1160
0, 100, 1, 5, 0.5, 1008, 1063, 1104, 1181
0, 101, 1, 5, 0.5, 1008, 1040, 1103, 1205
0, 102, 1, 5, 0.5, 1008, 1054, 1099, 1198
0, 103, 1, 5, 0.5, 1008, 1042, 1101, 1204
0, 104, 1, 5, 0.5, 1005, 1005, 1088, 1174
0, 105, 1, 5, 0.5, 1005, 1046, 1090, 1222
0, 106, 1, 5, 0.5, 1005, 1042, 1095, 1175
0, 107, 1, 5, 0.5, 1005, 1052, 1094, 1213
0, 108, 1, 5, 0.5, 1005, 1047, 1097, 1182
0, 109, 1, 5, 0.5, 1005, 1066, 1103, 1181
0, 110, 1, 5, 0.5, 1005, 1013, 1085, 1162
0, 111, 1, 5, 0.5, 1005, 1031, 1094, 1174
0, 112, 1, 5, 0.5, 1005, 1042, 1093, 1169
0, 113, 1, 5, 0.5, 1005, 1033, 1086, 1170
0, 114, 1, 5, 0.5, 1005, 1049, 1086, 1177
0, 115, 1, 5, 0.5, 1005, 1055, 1092, 1170
0, 116, 1, 5, 0.5, 1005, 1030, 1091, 1156
0, 117, 1, 5, 0.5, 1005, 1040, 1097, 1185
0, 118, 1, 5, 0.5, 1003, 1003, 1079, 1157
0, 119, 1, 5, 0.5, 1003, 1026, 1091, 1192
0, 120, 1, 5, 0.5, 1003, 1023, 1091, 1154
0, 121, 1, 5, 0.5, 1003, 1006, 1088, 1177
0, 122, 1, 5, 0.5, 1003, 1043, 1095, 1171
0, 123, 1, 5, 0.5, 1003, 1023, 1079, 1151
0, 124, 1, 5, 0.5, 1003, 1042, 1089, 1173
0, 125, 1, 5, 0.5, 1003, 1033, 1081, 1179
0, 126, 1, 5, 0.5, 1003, 1041, 1090, 1160
0, 127, 1, 5, 0.5, 1003, 1040, 1088, 1200
0, 128, 1, 5, 0.5, 1003, 1018, 1072, 1173
0, 129, 1, 5, 0.5, 1003, 1040, 1081, 1148
0, 130, 1, 5, 0.5, 1003, 1026, 1073, 1160
0, 131, 1, 5, 0.5, 1003, 1020, 1079, 1201
0, 132, 1, 5, 0.5, 1003, 1030, 1074, 1160
0, 133, 1, 5, 0.5, 1003, 1048, 1087, 1178
0, 134, 1, 5, 0.5, 1003, 1009, 1077, 1180
0, 135, 1, 5, 0.5, 1003, 1047, 1081, 1152
0, 136, 1, 5, 0.5, 1003, 1027, 1080, 1158
0, 137, 1, 5, 0.5, 1003, 1040, 1081, 1170
0, 138, 1, 5, 0.5, 1003, 1026, 1076, 1152
0, 139, 1, 5, 0.5, 1003, 1047, 1083, 1176
0, 140, 1, 5, 0.5, 1003, 1040, 1087, 1163
0, 141, 1, 5, 0.5, 1003, 1055, 1082, 1162
0, 142, 1, 5, 0.5, 1003, 1024, 1086, 1156
0, 143, 1, 5, 0.5, 1003, 1045, 1092, 1175
0, 144, 1, 5, 0.5, 1003, 1030, 1089, 1198
0, 145, 1, 5, 0.5, 1003, 1046, 1088, 1173
0, 146, 1, 5, 0.5, 1003, 1029, 1083, 1169
0, 147, 1, 5, 0.5, 1003, 1032, 1078, 1159
0, 148, 1, 5, 0.5, 1003, 1039, 1088, 1172
0, 149, 1, 5, 0.5, 1003, 1043, 1079, 1163
0, 150, 1, 5, 0.5, 1003, 1019, 1084, 1181
0, 151, 1, 5, 0.5, 1003, 1044, 1086, 1201
0, 152, 1, 5, 0.5, 1003, 1040, 1095, 1156
0, 153, 1, 5, 0.5, 1003, 1058, 1091, 1174
0, 154, 1, 5, 0.5, 1003, 1016, 1084, 1195
0, 155, 1, 5, 0.5, 1003, 1009, 1099, 1190
0, 156, 1, 5, 0.5, 1003, 1044, 1085, 1154
0, 157, 1, 5, 0.5, 1003, 1034, 1092, 1214
0, 158, 1, 5, 0.5, 1003, 1005, 1099, 1175
0, 159, 1, 5, 0.5, 1003, 1033, 1079, 1144
0, 160, 1, 5, 0.5, 1003, 1048, 1089, 1186
0, 161, 1, 5, 0.5, 1003, 1039, 1082, 1150
0, 162, 1, 5, 0.5, 1003, 1034, 1080, 1177
0, 163, 1, 5, 0.5, 1003, 1026, 1079, 1153
0, 164, 1, 5, 0.5, 1003, 1041, 1082, 1179
0, 165, 1, 5, 0.5, 1003, 1057, 1090, 1176
0, 166, 1, 5, 0.5, 1003, 1045, 1091, 1175
0, 167, 1, 5, 0.5, 1003, 1039, 1084, 1163
0, 168, 1, 5, 0.5, 1003, 1055, 1091, 1174
0, 169, 1, 5, 0.5, 1003, 1027, 1088, 1176
0, 170, 1, 5, 0.5, 1003, 1050, 1099, 1192
0, 171, 1, 5, 0.5, 1003, 1044, 1100, 1184
0, 172, 1, 5, 0.5, 1003, 1053, 1092, 1183
0, 173, 1, 5, 0.5, 1003, 1046, 1097, 1183
0, 174, 1, 5, 0.5, 1003, 1020, 1091, 1193
0, 175, 1, 5, 0.5, 1003, 1043, 1089, 1164
0, 176, 1, 5, 0.5, 1003, 1020, 1081, 1152
0, 177, 1, 5, 0.5, 1003, 1052, 1099, 1166
0, 178, 1, 5, 0.5, 1003, 1046, 1089, 1181
0, 179, 1, 5, 0.5, 1003, 1052, 1085, 1157
0, 180, 1, 5, 0.5, 1003, 1027, 1091, 1157
0, 181, 1, 5, 0.5, 1003, 1027, 1083, 1151
0, 182, 1, 5, 0.5, 1003, 1040, 1095, 1163
0, 183, 1, 5, 0.5, 1003, 1029, 1095, 1197
0, 184, 1, 5, 0.5, 1003, 1028, 1084, 1214
0, 185, 1, 5, 0.5, 1003, 1047, 1084, 1164
0, 186, 1, 5, 0.5, 1003, 1032, 1088, 1186
0, 187, 1, 5, 0.5, 1003, 1029, 1090, 1169
0, 188, 1, 5, 0.5, 1003, 1038, 1088, 1180
0, 189, 1, 5, 0.5, 1003, 1019, 1087, 1188
0, 190, 1, 5, 0.5, 1003, 1036, 1084, 1159
0, 191, 1, 5, 0.5, 1003, 1053, 1086, 1168
0, 192, 1, 5, 0.5, 1003, 1029, 1076, 1180
0, 193, 1, 5, 0.5, 1003, 1029, 1087, 1145
0, 194, 1, 5, 0.5, 1003, 1029, 1085, 1177
0, 195, 1, 5, 0.5, 1003, 1046, 1092, 1180
0, 196, 1, 5, 0.5, 1003, 1035, 1079, 1167
0, 197, 1, 5, 0.5, 1003, 1034, 1080, 1165
0, 198, 1, 5, 0.5, 1003, 1028, 1074, 1146
0, 199, 1, 5, 0.5, 1003, 1044, 1095, 1201
0, 200, 1, 5, 0.5, 1003, 1046, 1096, 1162
0, 201, 1, 5, 0.5, 1003, 1037, 1094, 1173
0, 202, 1, 5, 0.5, 1003, 1028, 1096, 1180
0, 203, 1, 5, 0.5, 1003, 1037, 1097, 1197
0, 204, 1, 5, 0.5, 1003, 1054, 1090, 1194
0, 205, 1, 5, 0.5, 1003, 1047, 1092, 1235
0, 206, 1, 5, 0.5, 1003, 1058, 1105, 1164
0, 207, 1, 5, 0.5, 1003, 1046, 1095, 1173
0, 208, 1, 5, 0.5, 1003, 1020, 1091, 1201
0, 209, 1, 5, 0.5, 1003, 1036, 1085, 1171
0, 210, 1, 5, 0.5, 1003, 1040, 1098, 1179
0, 211, 1, 5, 0.5, 1003, 1034, 1093, 1194
0, 212, 1, 5, 0.5, 1003, 1019, 1080, 1165
0, 213, 1, 5, 0.5, 1003, 1032, 1096, 1216
0, 214, 1, 5, 0.5, 1003, 1027, 1088, 1171
0, 215, 1, 5, 0.5, 1003, 1047, 1086, 1159
0, 216, 1, 5, 0.5, 1003, 1036, 1076, 1146
0, 217, 1, 5, 0.5, 1003, 1056, 1086, 1165
0, 218, 1, 5, 0.5, 1003, 1028, 1085, 1176
0, 219, 1, 5, 0.5, 1003, 1034, 1088, 1176
0, 220, 1, 5, 0.5, 1003, 1015, 1081, 1161
0, 221, 1, 5, 0.5, 1003, 1045, 1083, 1143
0, 222, 1, 5, 0.5, 1003, 1026, 1085, 1168
0, 223, 1, 5, 0.5, 1003, 1019, 1091, 1215
0, 224, 1, 5, 0.5, 1003, 1056, 1086, 1161
0, 225, 1, 5, 0.5, 1003, 1047, 1083, 1171
0, 226, 1, 5, 0.5, 1003, 1035, 1081, 1180
0, 227, 1, 5, 0.5, 1003, 1047, 1083, 1143
0, 228, 1, 5, 0.5, 1003, 1055, 1081, 1207
0, 229, 1, 5, 0.5, 1003, 1018, 1081, 1182
0, 230, 1, 5, 0.5, 1003, 1009, 1076, 1170
0, 231, 1, 5, 0.5, 1003, 1042, 1088, 1182
0, 232, 1, 5, 0.5, 1003, 1024, 1096, 1176
0, 233, 1, 5, 0.5, 1003, 1062, 1090, 1179
0, 234, 1, 5, 0.5, 1003, 1026, 1098, 1172
0, 235, 1, 5, 0.5, 1003, 1006, 1090, 1178
0, 236, 1, 5, 0.5, 1003, 1036, 1080, 1166
0, 237, 1, 5, 0.5, 1003, 1027, 1087, 1193
0, 238, 1, 5, 0.5, 1003, 1026, 1073, 1156
0, 239, 1, 5, 0.5, 1003, 1023, 1082, 1174
0, 240, 1, 5, 0.5, 1003, 1046, 1088, 1195
0, 241, 1, 5, 0.5, 1003, 1026, 1085, 1176
0, 242, 1, 5, 0.5, 1003, 1064, 1092, 1147
0, 243, 1, 5, 0.5, 1003, 1023, 1079, 1160
0, 244, 1, 5, 0.5, 998, 998, 1089, 1180
0, 245, 1, 5, 0.5, 998, 1026, 1085, 1169
0, 246, 1, 5, 0.5, 998, 1033, 1092, 1162
0, 247, 1, 5, 0.5, 998, 1035, 1091, 1179
0, 248, 1, 5, 0.5, 998, 1030, 1083, 1185
0, 249, 1, 5, 0.5, 998, 1071, 1092, 1182
0, 250, 1, 5, 0.5, 998, 1021, 1092, 1184
0, 251, 1, 5, 0.5, 998, 1017, 1083, 1204
0, 252, 1, 5, 0.5, 998, 1049, 1085, 1165
0, 253, 1, 5, 0.5, 998, 1031, 1073, 1129
0, 254, 1, 5, 0.5, 998, 1025, 1083, 1185
0, 255, 1, 5, 0.5, 998, 1031, 1077, 1148
0, 256, 1, 5, 0.5, 998, 1042, 1087, 1161
0, 257, 1, 5, 0.5, 998, 1029, 1084, 1179
0, 258, 1, 5, 0.5, 998, 1034, 1081, 1176
0, 259, 1, 5, 0.5, 998, 1041, 1084, 1174
0, 260, 1, 5, 0.5, 998, 1005, 1073, 1167
0, 261, 1, 5, 0.5, 998, 1037, 1082, 1180
0, 262, 1, 5, 0.5, 998, 1018, 1082, 1210
0, 263, 1, 5, 0.5, 998, 1045, 1078, 1150
0, 264, 1, 5, 0.5, 998, 1011, 1080, 1162
0, 265, 1, 5, 0.5, 998, 1034, 1078, 1167
0, 266, 1, 5, 0.5, 998, 1044, 1090, 1203
0, 267, 1, 5, 0.5, 998, 1022, 1082, 1158
0, 268, 1, 5, 0.5, 998, 1046, 1085, 1163
0, 269, 1, 5, 0.5, 998, 999, 1078, 1158
0, 270, 1, 5, 0.5, 998, 1016, 1067, 1127
0, 271, 1, 5, 0.5, 998, 1030, 1082, 1177
0, 272, 1, 5, 0.5, 998, 1046, 1086, 1153
0, 273, 1, 5, 0.5, 998, 1050, 1090, 1163
0, 274, 1, 5, 0.5, 998, 1034, 1089, 1185
0, 275, 1, 5, 0.5, 998, 1027, 1098, 1176
0, 276, 1, 5, 0.5, 998, 1022, 1087, 1160
0, 277, 1, 5, 0.5, 998, 1026, 1082, 1179
0, 278, 1, 5, 0.5, 998, 1040, 1086, 1153
0, 279, 1, 5, 0.5, 998, 1033, 1082, 1185
0, 280, 1, 5, 0.5, 998, 1061, 1100, 1164
0, 281, 1, 5, 0.5, 998, 1033, 1092, 1166
0, 282, 1, 5, 0.5, 998, 998, 1092, 1164
0, 283, 1, 5, 0.5, 998, 1019, 1084, 1162
0, 284, 1, 5, 0.5, 998, 1027, 1101, 1166
0, 285, 1, 5, 0.5, 998, 1029, 1095, 1181
0, 286, 1, 5, 0.5, 998, 1044, 1090, 1151
0, 287, 1, 5, 0.5, 998, 1031, 1085, 1187
0, 288, 1, 5, 0.5, 998, 1039, 1099, 1179
0, 289, 1, 5, 0.5, 998, 1050, 1085, 1153
0, 290, 1, 5, 0.5, 998, 1019, 1085, 1165
0, 291, 1, 5, 0.5, 998, 1029, 1082, 1161
0, 292, 1, 5, 0.5, 998, 1040, 1091, 1169
0, 293, 1, 5, 0.5, 998, 1018, 1077, 1146
0, 294, 1, 5, 0.5, 998, 1060, 1086, 1163
0, 295, 1, 5, 0.5, 998, 1044, 1083, 1166
0, 296, 1, 5, 0.5, 998, 1033, 1083, 1163
0, 297, 1, 5, 0.5, 998, 1020, 1080, 1151
0, 298, 1, 5, 0.5, 998, 1054, 1090, 1161
0, 299, 1, 5, 0.5, 998, 1038, 1083, 1178
0, 300, 1, 5, 0.5, 998, 1051, 1095, 1208
0, 301, 1, 5, 0.5, 998, 1033, 1085, 1169
0, 302, 1, 5, 0.5, 998, 1038, 1078, 1184
0, 303, 1, 5, 0.5, 998, 1045, 1079, 1168
0, 304, 1, 5, 0.5, 998, 1050, 1099, 1223
0, 305, 1, 5, 0.5, 998, 1054, 1090, 1183
0, 306, 1, 5, 0.5, 998, 1036, 1084, 1167
0, 307, 1, 5, 0.5, 998, 1060, 1091, 1164
0, 308, 1, 5, 0.5, 998, 1032, 1087, 1172
0, 309, 1, 5, 0.5, 998, 1032, 1084, 1154
0, 310, 1, 5, 0.5, 998, 1019, 1085, 1171
0, 311, 1, 5, 0.5, 998, 1040, 1088, 1165
0, 312, 1, 5, 0.5, 998, 1028, 1083, 1152
0, 313, 1, 5, 0.5, 998, 1051, 1091, 1164
0, 314, 1, 5, 0.5, 998, 1038, 1087, 1172
0, 315, 1, 5, 0.5, 998, 1034, 1084, 1167
0, 316, 1, 5, 0.5, 998, 1052, 1096, 1180
0, 317, 1, 5, 0.5, 998, 1012, 1086, 1160
0, 318, 1, 5, 0.5, 998, 1012, 1095, 1182
0, 319, 1, 5, 0.5, 998, 1010, 1089, 1175
0, 320, 1, 5, 0.5, 998, 1033, 1085, 1193
0, 321, 1, 5, 0.5, 998, 1046, 1089, 1210
0, 322, 1, 5, 0.5, 998, 1052, 1095, 1183
0, 323, 1, 5, 0.5, 998, 1040, 1092, 1159
0, 324, 1, 5, 0.5, 998, 1055, 1079, 1158
0, 325, 1, 5, 0.5, 998, 1025, 1086, 1150
0, 326, 1, 5, 0.5, 998, 1044, 1083, 1193
0, 327, 1, 5, 0.5, 998, 1024, 1087, 1163
0, 328, 1, 5, 0.5, 998, 1032, 1084, 1181
0, 329, 1, 5, 0.5, 998, 1029, 1089, 1168
0, 330, 1, 5, 0.5, 998, 1018, 1087, 1152
0, 331, 1, 5, 0.5, 998, 1040, 1077, 1174
0, 332, 1, 5, 0.5, 998, 1046, 1099, 1181
0, 333, 1, 5, 0.5, 998, 1037, 1074, 1154
0, 334, 1, 5, 0.5, 998, 1055, 1082, 1181
0, 335, 1, 5, 0.5, 998, 1046, 1085, 1159
0, 336, 1, 5, 0.5, 998, 1046, 1083, 1189
0, 337, 1, 5, 0.5, 998, 1031, 1083, 1158
0, 338, 1, 5, 0.5, 998, 1032, 1082, 1165
0, 339, 1, 5, 0.5, 998, 1029, 1079, 1182
0, 340, 1, 5, 0.5, 998, 1034, 1077, 1131
0, 341, 1, 5, 0.5, 998, 1032, 1083, 1159
0, 342, 1, 5, 0.5, 998, 1037, 1082, 1151
0, 343, 1, 5, 0.5, 998, 1026, 1087, 1176
0, 344, 1, 5, 0.5, 998, 1037, 1077, 1187
0, 345, 1, 5, 0.5, 998, 1056, 1087, 1185
0, 346, 1, 5, 0.5, 998, 1039, 1086, 1162
0, 347, 1, 5, 0.5, 998, 1049, 1090, 1164
0, 348, 1, 5, 0.5, 998, 1011, 1074, 1144
0, 349, 1, 5, 0.5, 998, 1019, 1076, 1155
0, 350, 1, 5, 0.5, 998, 1028, 1085, 1173
0, 351, 1, 5, 0.5, 998, 1054, 1085, 1193
0, 352, 1, 5, 0.5, 998, 1023, 1086, 1160
0, 353, 1, 5, 0.5, 998, 1031, 1088, 1166
0, 354, 1, 5, 0.5, 998, 1052, 1086, 1201
0, 355, 1, 5, 0.5, 998, 1032, 1081, 1184
0, 356, 1, 5, 0.5, 998, 1011, 1077, 1169
0, 357, 1, 5, 0.5, 998, 1046, 1095, 1160
0, 358, 1, 5, 0.5, 998, 1039, 1091, 1183
0, 359, 1, 5, 0.5, 998, 1033, 1089, 1141
0, 360, 1, 5, 0.5, 998, 1000, 1074, 1149
0, 361, 1, 5, 0.5, 998, 1037, 1079, 1195
0, 362, 1, 5, 0.5, 998, 1041, 1087, 1215
0, 363, 1, 5, 0.5, 998, 1013, 1076, 1207
0, 364, 1, 5, 0.5, 998, 1040, 1092, 1172
0, 365, 1, 5, 0.5, 998, 1041, 1086, 1204
0, 366, 1, 5, 0.5, 998, 1036, 1088, 1152
0, 367, 1, 5, 0.5, 998, 1040, 1079, 1144
0, 368, 1, 5, 0.5, 998, 1046, 1084, 1153
0, 369, 1, 5, 0.5, 998, 1043, 1086, 1163
0, 370, 1, 5, 0.5, 998, 1035, 1090, 1204
0, 371, 1, 5, 0.5, 998, 1032, 1090, 1208
0, 372, 1, 5, 0.5, 998, 1053, 1084, 1166
0, 373, 1, 5, 0.5, 998, 1034, 1087, 1155
0, 374, 1, 5, 0.5, 998, 1047, 1091, 1172
0, 375, 1, 5, 0.5, 998, 1026, 1082, 1162
0, 376, 1, 5, 0.5, 998, 1043, 1083, 1151
0, 377, 1, 5, 0.5, 998, 1041, 1091, 1192
0, 378, 1, 5, 0.5, 998, 1034, 1088, 1152
0, 379, 1, 5, 0.5, 998, 1029, 1077, 1198
0, 380, 1, 5, 0.5, 998, 1046, 1087, 1202
0, 381, 1, 5, 0.5, 998, 1048, 1090, 1195
0, 382, 1, 5, 0.5, 998, 1041, 1083, 1165
0, 383, 1, 5, 0.5, 998, 1021, 1077, 1161
0, 384, 1, 5, 0.5, 998, 1021, 1096, 1224
0, 385, 1, 5, 0.5, 998, 1015, 1092, 1173
0, 386, 1, 5, 0.5, 998, 1047, 1087, 1151
0, 387, 1, 5, 0.5, 998, 1036, 1091, 1183
0, 388, 1, 5, 0.5, 998, 1043, 1085, 1144
0, 389, 1, 5, 0.5, 998, 1018, 1086, 1163
0, 390, 1, 5, 0.5, 998, 1017, 1082, 1163
0, 391, 1, 5, 0.5, 998, 1039, 1088, 1179
0, 392, 1, 5, 0.5, 998, 1048, 1086, 1206
0, 393, 1, 5, 0.5, 998, 1029, 1082, 1195
0, 394, 1, 5, 0.5, 998, 1024, 1078, 1164
0, 395, 1, 5, 0.5, 998, 1028, 1074, 1169
0, 396, 1, 5, 0.5, 998, 1019, 1073, 1179
0, 397, 1, 5, 0.5, 998, 1025, 1081, 1181
0, 398, 1, 5, 0.5, 998, 1023, 1083, 1175
0, 399, 1, 5, 0.5, 998, 1017, 1085, 1155
0, 400, 1, 5, 0.5, 998, 1020, 1083, 1166
0, 401, 1, 5, 0.5, 998, 1040, 1077, 1158
0, 402, 1, 5, 0.5, 998, 1021, 1075, 1160
0, 403, 1, 5, 0.5, 998, 1033, 1074, 1153
0, 404, 1, 5, 0.5, 998, 1042, 1088, 1176
0, 405, 1, 5, 0.5, 998, 1038, 1086, 1174
0, 406, 1, 5, 0.5, 998, 1032, 1094, 1179
0, 407, 1, 5, 0.5, 998, 1040, 1093, 1189
0, 408, 1, 5, 0.5, 998, 1015, 1101, 1214
0, 409, 1, 5, 0.5, 998, 1045, 1090, 1188
0, 410, 1, 5, 0.5, 998, 1040, 1077, 1136
0, 411, 1, 5, 0.5, 998, 1026, 1080, 1155
0, 412, 1, 5, 0.5, 998, 1038, 1083, 1184
0, 413, 1, 5, 0.5, 998, 1012, 1088, 1179
0, 414, 1, 5, 0.5, 998, 1014, 1080, 1162
0, 415, 1, 5, 0.5, 998, 1044, 1085, 1173
0, 416, 1, 5, 0.5, 998, 1023, 1088, 1207
0, 417, 1, 5, 0.5, 998, 1046, 1087, 1191
0, 418, 1, 5, 0.5, 998, 1028, 1082, 1176
0, 419, 1, 5, 0.5, 998, 1059, 1086, 1159
0, 420, 1, 5, 0.5, 998, 1025, 1085, 1160
0, 421, 1, 5, 0.5, 998, 1024, 1077, 1177
0, 422, 1, 5, 0.5, 998, 1020, 1084, 1147
0, 423, 1, 5, 0.5, 998, 1035, 1080, 1162
0, 424, 1, 5, 0.5, 998, 1020, 1097, 1176
0, 425, 1, 5, 0.5, 998, 1057, 1095, 1175
0, 426, 1, 5, 0.5, 998, 1030, 1083, 1151
0, 427, 1, 5, 0.5, 998, 1056, 1091, 1175
0, 428, 1, 5, 0.5, 998, 1051, 1099, 1183
0, 429, 1, 5, 0.5, 998, 1040, 1085, 1181
0, 430, 1, 5, 0.5, 998, 1019, 1080, 1177
0, 431, 1, 5, 0.5, 998, 1027, 1084, 1180
0, 432, 1, 5, 0.5, 998, 1024, 1086, 1163
0, 433, 1, 5, 0.5, 998, 1031, 1093, 1186
0, 434, 1, 5, 0.5, 998, 1031, 1089, 1164
0, 435, 1, 5, 0.5, 998, 1041, 1078, 1184
0, 436, 1, 5, 0.5, 998, 1056, 1084, 1164
0, 437, 1, 5, 0.5, 998, 1055, 1094, 1182
0, 438, 1, 5, 0.5, 998, 1047, 1080, 1201
0, 439, 1, 5, 0.5, 998, 1044, 1092, 1176
0, 440, 1, 5, 0.5, 998, 1038, 1081, 1155
0, 441, 1, 5, 0.5, 998, 1014, 1097, 1194
0, 442, 1, 5, 0.5, 998, 1032, 1079, 1143
0, 443, 1, 5, 0.5, 998, 1050, 1095, 1197
0, 444, 1, 5, 0.5, 998, 1046, 1097, 1169
0, 445, 1, 5, 0.5, 998, 1010, 1087, 1171
0, 446, 1, 5, 0.5, 998, 1005, 1081, 1170
0, 447, 1, 5, 0.5, 993, 993, 1088, 1226
0, 448, 1, 5, 0.5, 993, 1023, 1088, 1174
0, 449, 1, 5, 0.5, 993, 1021, 1076, 1163
0, 450, 1, 5, 0.5, 993, 1036, 1082, 1166
0, 451, 1, 5, 0.5, 993, 1015, 1087, 1185
0, 452, 1, 5, 0.5, 993, 1058, 1091, 1173
0, 453, 1, 5, 0.5, 993, 995, 1078, 1165
0, 454, 1, 5, 0.5, 993, 1013, 1069, 1160
0, 455, 1, 5, 0.5, 993, 1005, 1084, 1162
0, 456, 1, 5, 0.5, 993, 1033, 1085, 1192
0, 457, 1, 5, 0.5, 993, 1030, 1090, 1190
0, 458, 1, 5, 0.5, 993, 1031, 1082, 1155
0, 459, 1, 5, 0.5, 993, 1033, 1088, 1178
0, 460, 1, 5, 0.5, 993, 1050, 1091, 1165
0, 461, 1, 5, 0.5, 993, 1053, 1094, 1198
0, 462, 1, 5, 0.5, 993, 1013, 1076, 1162
0, 463, 1, 5, 0.5, 993, 1042, 1080, 1181
0, 464, 1, 5, 0.5, 993, 1039, 1084, 1185
0, 465, 1, 5, 0.5, 993, 1043, 1089, 1171
0, 466, 1, 5, 0.5, 993, 1024, 1090, 1159
0, 467, 1, 5, 0.5, 993, 1026, 1089, 1154
0, 468, 1, 5, 0.5, 993, 1048, 1097, 1182
0, 469, 1, 5, 0.5, 993, 1034, 1084, 1150
0, 470, 1, 5, 0.5, 993, 1032, 1085, 1193
0, 471, 1, 5, 0.5, 993, 1052, 1080, 1154
0, 472, 1, 5, 0.5, 993, 1027, 1078, 1184
0, 473, 1, 5, 0.5, 993, 1045, 1083, 1152
0, 474, 1, 5, 0.5, 993, 1016, 1091, 1181
0, 475, 1, 5, 0.5, 993, 1053, 1090, 1163
0, 476, 1, 5, 0.5, 993, 1011, 1070, 1148
0, 477, 1, 5, 0.5, 993, 1037, 1092, 1176
0, 478, 1, 5, 0.5, 993, 1043, 1082, 1154
0, 479, 1, 5, 0.5, 993, 1056, 1097, 1172
0, 480, 1, 5, 0.5, 993, 1019, 1081, 1171
0, 481, 1, 5, 0.5, 993, 1041, 1092, 1195
0, 482, 1, 5, 0.5, 993, 1042, 1094, 1179
0, 483, 1, 5, 0.5, 993, 1028, 1089, 1162
0, 484, 1, 5, 0.5, 993, 1030, 1082, 1154
0, 485, 1, 5, 0.5, 993, 1049, 1095, 1179
0, 486, 1, 5, 0.5, 993, 1016, 1082, 1163
0, 487, 1, 5, 0.5, 993, 1033, 1079, 1188
0, 488, 1, 5, 0.5, 993, 1039, 1085, 1165
0, 489, 1, 5, 0.5, 993, 1037, 1078, 1169
0, 490, 1, 5, 0.5, 993, 1034, 1086, 1183
0, 491, 1, 5, 0.5, 993, 1020, 1082, 1151
0, 492, 1, 5, 0.5, 993, 1053, 1101, 1173
0, 493, 1, 5, 0.5, 993, 1044, 1094, 1158
0, 494, 1, 5, 0.5, 993, 1037, 1097, 1172
0, 495, 1, 5, 0.5, 993, 1016, 1084, 1154
0, 496, 1, 5, 0.5, 993, 1030, 1080, 1161
0, 497, 1, 5, 0.5, 993, 1030, 1082, 1171
0, 498, 1, 5, 0.5, 993, 1038, 1079, 1189
0, 499, 1, 5, 0.5, 993, 1042, 1092, 1157
0, 500, 1, 5, 0.5, 993, 1022, 1092, 1198
0, 501, 1, 5, 0.5, 993, 1017, 1097, 1181
0, 502, 1, 5, 0.5, 993, 1044, 1078, 1154
0, 503, 1, 5, 0.5, 993, 1027, 1090, 1205
0, 504, 1, 5, 0.5, 993, 1018, 1089, 1153
0, 505, 1, 5, 0.5, 993, 1041, 1094, 1217
0, 506, 1, 5, 0.5, 993, 1037, 1085, 1160
0, 507, 1, 5, 0.5, 993, 1060, 1094, 1186
0, 508, 1, 5, 0.5, 993, 1048, 1088, 1171
0, 509, 1, 5, 0.5, 993, 1022, 1092, 1233
0, 510, 1, 5, 0.5, 993, 1056, 1088, 1146
0, 511, 1, 5, 0.5, 993, 1052, 1087, 1162
0, 512, 1, 5, 0.5, 993, 1042, 1086, 1219
0, 513, 1, 5, 0.5, 993, 1051, 1085, 1169
0, 514, 1, 5, 0.5, 993, 1012, 1081, 1164
0, 515, 1, 5, 0.5, 993, 1001, 1078, 1179
0, 516, 1, 5, 0.5, 993, 1044, 1091, 1189
0, 517, 1, 5, 0.5, 993, 1011, 1094, 1186
0, 518, 1, 5, 0.5, 993, 1033, 1078, 1171
0, 519, 1, 5, 0.5, 993, 1043, 1100, 1175
0, 520, 1, 5, 0.5, 993, 1050, 1083, 1158
0, 521, 1, 5, 0.5, 981, 981, 1076, 1161
0, 522, 1, 5, 0.5, 981, 1025, 1083, 1167
0, 523, 1, 5, 0.5, 981, 1063, 1093, 1167
0, 524, 1, 5, 0.5, 981, 1031, 1097, 1175
0, 525, 1, 5, 0.5, 981, 1049, 1095, 1181
0, 526, 1, 5, 0.5, 981, 1029, 1093, 1191
0, 527, 1, 5, 0.5, 981, 1044, 1091, 1212
0, 528, 1, 5, 0.5, 981, 1022, 1078, 1162
0, 529, 1, 5, 0.5, 981, 1058, 1092, 1179
0, 530, 1, 5, 0.5, 981, 1050, 1096, 1195
0, 531, 1, 5, 0.5, 981, 1028, 1089, 1169
0, 532, 1, 5, 0.5, 981, 1008, 1086, 1187
0, 533, 1, 5, 0.5, 981, 1040, 1080, 1196
0, 534, 1, 5, 0.5, 981, 1041, 1093, 1201
0, 535, 1, 5, 0.5, 981, 1011, 1074, 1178
0, 536, 1, 5, 0.5, 981, 1013, 1085, 1163
0, 537, 1, 5, 0.5, 981, 1045, 1092, 1173
0, 538, 1, 5, 0.5, 981, 1043, 1095, 1172
0, 539, 1, 5, 0.5, 981, 1019, 1082, 1192
0, 540, 1, 5, 0.5, 981, 1033, 1086, 1155
0, 541, 1, 5, 0.5, 981, 1022, 1095, 1159
0, 542, 1, 5, 0.5, 981, 1040, 1090, 1175
0, 543, 1, 5, 0.5, 981, 1028, 1087, 1170
0, 544, 1, 5, 0.5, 981, 1034, 1091, 1176
0, 545, 1, 5, 0.5, 981, 1057, 1086, 1153
0, 546, 1, 5, 0.5, 981, 1038, 1091, 1164
0, 547, 1, 5, 0.5, 981, 1051, 1086, 1226
0, 548, 1, 5, 0.5, 981, 1030, 1092, 1192
0, 549, 1, 5, 0.5, 981, 1032, 1078, 1159
0, 550, 1, 5, 0.5, 981, 1060, 1096, 1180
0, 551, 1, 5, 0.5, 981, 1048, 1080, 1191
0, 552, 1, 5, 0.5, 981, 1045, 1082, 1188
0, 553, 1, 5, 0.5, 981, 1037, 1086, 1169
0, 554, 1, 5, 0.5, 981, 1014, 1080, 1146
0, 555, 1, 5, 0.5, 981, 1036, 1080, 1153
0, 556, 1, 5, 0.5, 981, 1031, 1066, 1170
0, 557, 1, 5, 0.5, 981, 1043, 1088, 1157
0, 558, 1, 5, 0.5, 981, 1051, 1092, 1199
0, 559, 1, 5, 0.5, 981, 1044, 1083, 1165
0, 560, 1, 5, 0.5, 981, 1039, 1077, 1153
0, 561, 1, 5, 0.5, 981, 1035, 1086, 1157
0, 562, 1, 5, 0.5, 981, 1024, 1077, 1161
0, 563, 1, 5, 0.5, 981, 1028, 1084, 1165
0, 564, 1, 5, 0.5, 981, 1022, 1088, 1156
0, 565, 1, 5, 0.5, 981, 1050, 1083, 1157
0, 566, 1, 5, 0.5, 981, 1040, 1102, 1182
0, 567, 1, 5, 0.5, 981, 1039, 1089, 1172
0, 568, 1, 5, 0.5, 981, 1018, 1084, 1193
0, 569, 1, 5, 0.5, 981, 1026, 1080, 1153
0, 570, 1, 5, 0.5, 981, 1036, 1079, 1169
0, 571, 1, 5, 0.5, 981, 1036, 1074, 1142
0, 572, 1, 5, 0.5, 981, 1034, 1088, 1153
0, 573, 1, 5, 0.5, 981, 1064, 1090, 1155
0, 574, 1, 5, 0.5, 981, 1052, 1095, 1173
0, 575, 1, 5, 0.5, 981, 1022, 1088, 1192
0, 576, 1, 5, 0.5, 981, 1066, 1100, 1164
0, 577, 1, 5, 0.5, 981, 1043, 1078, 1157
0, 578, 1, 5, 0.5, 981, 1025, 1090, 1170
0, 579, 1, 5, 0.5, 981, 1020, 1085, 1179
0, 580, 1, 5, 0.5, 981, 1028, 1089, 1151
0, 581, 1, 5, 0.5, 981, 1046, 1080, 1160
0, 582, 1, 5, 0.5, 981, 1032, 1086, 1170
0, 583, 1, 5, 0.5, 981, 995, 1081, 1186
0, 584, 1, 5, 0.5, 981, 1037, 1090, 1176
0, 585, 1, 5, 0.5, 981, 1048, 1095, 1197
0, 586, 1, 5, 0.5, 981, 1054, 1089, 1170
0, 587, 1, 5, 0.5, 981, 1030, 1078, 1142
0, 588, 1, 5, 0.5, 981, 1035, 1097, 1188
0, 589, 1, 5, 0.5, 981, 1040, 1079, 1142
0, 590, 1, 5, 0.5, 981, 1023, 1095, 1185
0, 591, 1, 5, 0.5, 981, 1023, 1089, 1176
0, 592, 1, 5, 0.5, 981, 1030, 1093, 1204
0, 593, 1, 5, 0.5, 981, 1027, 1098, 1213
0, 594, 1, 5, 0.5, 981, 1050, 1094, 1187
0, 595, 1, 5, 0.5, 981, 1050, 1093, 1194
0, 596, 1, 5, 0.5, 981, 1017, 1102, 1180
0, 597, 1, 5, 0.5, 981, 1047, 1093, 1195
0, 598, 1, 5, 0.5, 981, 1016, 1090, 1186
0, 599, 1, 5, 0.5, 981, 1056, 1106, 1204
0, 600, 1, 5, 0.5, 981, 1056, 1088, 1139
0, 601, 1, 5, 0.5, 981, 1037, 1091, 1171
0, 602, 1, 5, 0.5, 981, 1050, 1093, 1173
0, 603, 1, 5, 0.5, 981, 1032, 1086, 1169
0, 604, 1, 5, 0.5, 981, 1033, 1081, 1163
0, 605, 1, 5, 0.5, 981, 1025, 1087, 1178
0, 606, 1, 5, 0.5, 981, 1042, 1084, 1168
0, 607, 1, 5, 0.5, 981, 1052, 1100, 1181
0, 608, 1, 5, 0.5, 981, 1033, 1103, 1193
0, 609, 1, 5, 0.5, 981, 1035, 1078, 1221
0, 610, 1, 5, 0.5, 981, 1047, 1085, 1154
0, 611, 1, 5, 0.5, 981, 1034, 1087, 1202
0, 612, 1, 5, 0.5, 981, 1048, 1093, 1161
0, 613, 1, 5, 0.5, 981, 1043, 1083, 1146
0, 614, 1, 5, 0.5, 981, 1067, 1101, 1178
0, 615, 1, 5, 0.5, 981, 1041, 1078, 1145
0, 616, 1, 5, 0.5, 981, 1035, 1092, 1188
0, 617, 1, 5, 0.5, 981, 1026, 1088, 1192
0, 618, 1, 5, 0.5, 981, 1051, 1092, 1200
0, 619, 1, 5, 0.5, 981, 1009, 1089, 1170
0, 620, 1, 5, 0.5, 981, 1032, 1080, 1154
0, 621, 1, 5, 0.5, 981, 1050, 1086, 1153
0, 622, 1, 5, 0.5, 981, 1025, 1090, 1172
0, 623, 1, 5, 0.5, 981, 1034, 1072, 1148
0, 624, 1, 5, 0.5, 981, 1059, 1097, 1177
0, 625, 1, 5, 0.5, 981, 1011, 1084, 1140
0, 626, 1, 5, 0.5, 981, 1039, 1099, 1183
0, 627, 1, 5, 0.5, 981, 1033, 1094, 1161
0, 628, 1, 5, 0.5, 981, 1028, 1079, 1170
0, 629, 1, 5, 0.5, 981, 1033, 1089, 1184
0, 630, 1, 5, 0.5, 981, 1041, 1086, 1163
0, 631, 1, 5, 0.5, 981, 1034, 1091, 1155
0, 632, 1, 5, 0.5, 981, 1033, 1081, 1153
0, 633, 1, 5, 0.5, 981, 1050, 1094, 1197
0, 634, 1, 5, 0.5, 981, 1022, 1076, 1140
0, 635, 1, 5, 0.5, 981, 1053, 1087, 1157
0, 636, 1, 5, 0.5, 981, 1032, 1078, 1153
0, 637, 1, 5, 0.5, 981, 1048, 1083, 1191
0, 638, 1, 5, 0.5, 981, 1025, 1081, 1160
0, 639, 1, 5, 0.5, 981, 1038, 1094, 1234
0, 640, 1, 5, 0.5, 981, 1016, 1088, 1170
0, 641, 1, 5, 0.5, 981, 1024, 1092, 1165
0, 642, 1, 5, 0.5, 981, 1051, 1091, 1164
0, 643, 1, 5, 0.5, 981, 1032, 1088, 1175
0, 644, 1, 5, 0.5, 981, 1044, 1096, 1167
0, 645, 1, 5, 0.5, 981, 1054, 1089, 1154
0, 646, 1, 5, 0.5, 981, 1042, 1082, 1158
0, 647, 1, 5, 0.5, 981, 1033, 1078, 1153
0, 648, 1, 5, 0.5, 981, 1041, 1095, 1201
0, 649, 1, 5, 0.5, 981, 1028, 1090, 1174
0, 650, 1, 5, 0.5, 981, 1033, 1077, 1146
0, 651, 1, 5, 0.5, 981, 1038, 1077, 1185
0, 652, 1, 5, 0.5, 981, 1046, 1097, 1167
0, 653, 1, 5, 0.5, 981, 1037, 1103, 1173
0, 654, 1, 5, 0.5, 981, 1042, 1096, 1174
0, 655, 1, 5, 0.5, 981, 1040, 1095, 1190
0, 656, 1, 5, 0.5, 981, 1030, 1088, 1170
0, 657, 1, 5, 0.5, 981, 1045, 1076, 1179
0, 658, 1, 5, 0.5, 981, 1024, 1087, 1211
0, 659, 1, 5, 0.5, 981, 1056, 1096, 1182
0, 660, 1, 5, 0.5, 981, 1027, 1081, 1182
0, 661, 1, 5, 0.5, 981, 1038, 1088, 1162
0, 662, 1, 5, 0.5, 981, 1028, 1068, 1139
0, 663, 1, 5, 0.5, 981, 1047, 1086, 1176
0, 664, 1, 5, 0.5, 981, 998, 1086, 1187
0, 665, 1, 5, 0.5, 981, 1042, 1078, 1149
0, 666, 1, 5, 0.5, 981, 1017, 1091, 1195
0, 667, 1, 5, 0.5, 981, 1056, 1102, 1183
0, 668, 1, 5, 0.5, 981, 1022, 1085, 1185
0, 669, 1, 5, 0.5, 981, 1043, 1080, 1164
0, 670, 1, 5, 0.5, 981, 1019, 1084, 1190
0, 671, 1, 5, 0.5, 981, 1031, 1096, 1171
0, 672, 1, 5, 0.5, 981, 1053, 1092, 1178
0, 673, 1, 5, 0.5, 981, 1038, 1078, 1173
0, 674, 1, 5, 0.5, 981, 1031, 1083, 1170
0, 675, 1, 5, 0.5, 981, 1050, 1102, 1179
0, 676, 1, 5, 0.5, 981, 1030, 1076, 1147
0, 677, 1, 5, 0.5, 981, 1045, 1083, 1183
0, 678, 1, 5, 0.5, 981, 1038, 1075, 1136
0, 679, 1, 5, 0.5, 981, 1031, 1096, 1173
0, 680, 1, 5, 0.5, 981, 1039, 1097, 1178
0, 681, 1, 5, 0.5, 981, 1046, 1095, 1166
0, 682, 1, 5, 0.5, 981, 1002, 1083, 1170
0, 683, 1, 5, 0.5, 981, 1029, 1081, 1164
0, 684, 1, 5, 0.5, 981, 1036, 1072, 1143
0, 685, 1, 5, 0.5, 981, 1043, 1087, 1198
0, 686, 1, 5, 0.5, 981, 1033, 1090, 1188
0, 687, 1, 5, 0.5, 981, 1032, 1079, 1188
0, 688, 1, 5, 0.5, 981, 1030, 1082, 1171
0, 689, 1, 5, 0.5, 981, 1036, 1089, 1187
0, 690, 1, 5, 0.5, 981, 1030, 1101, 1209
0, 691, 1, 5, 0.5, 981, 1049, 1091, 1166
0, 692, 1, 5, 0.5, 981, 1058, 1082, 1166
0, 693, 1, 5, 0.5, 981, 1055, 1084, 1160
0, 694, 1, 5, 0.5, 981, 1039, 1085, 1179
0, 695, 1, 5, 0.5, 981, 1006, 1068, 1142
0, 696, 1, 5, 0.5, 981, 1040, 1085, 1153
0, 697, 1, 5, 0.5, 981, 1031, 1084, 1144
0, 698, 1, 5, 0.5, 981, 1056, 1099, 1184
0, 699, 1, 5, 0.5, 981, 1014, 1088, 1180
0, 700, 1, 5, 0.5, 981, 1044, 1086, 1195
0, 701, 1, 5, 0.5, 981, 1022, 1089, 1179
0, 702, 1, 5, 0.5, 981, 1032, 1082, 1172
0, 703, 1, 5, 0.5, 981, 1052, 1085, 1164
0, 704, 1, 5, 0.5, 981, 1054, 1082, 1147
0, 705, 1, 5, 0.5, 981, 1025, 1080, 1160
0, 706, 1, 5, 0.5, 981, 1021, 1073, 1154
0, 707, 1, 5, 0.5, 981, 1025, 1091, 1172
0, 708, 1, 5, 0.5, 981, 1021, 1078, 1158
0, 709, 1, 5, 0.5, 981, 1039, 1099, 1180
0, 710, 1, 5, 0.5, 981, 1017, 1075, 1193
0, 711, 1, 5, 0.5, 981, 1043, 1092, 1171
0, 712, 1, 5, 0.5, 981, 1021, 1087, 1186
0, 713, 1, 5, 0.5, 981, 1051, 1091, 1169
0, 714, 1, 5, 0.5, 981, 1016, 1076, 1147
0, 715, 1, 5, 0.5, 981, 1020, 1085, 1206
0, 716, 1, 5, 0.5, 981, 1026, 1085, 1196
0, 717, 1, 5, 0.5, 981, 1036, 1085, 1154
0, 718, 1, 5, 0.5, 981, 1022, 1076, 1158
0, 719, 1, 5, 0.5, 981, 1026, 1090, 1165
0, 720, 1, 5, 0.5, 981, 1050, 1085, 1163
0, 721, 1, 5, 0.5, 981, 1041, 1079, 1167
0, 722, 1, 5, 0.5, 981, 1026, 1080, 1159
0, 723, 1, 5, 0.5, 981, 1036, 1088, 1179
0, 724, 1, 5, 0.5, 981, 1044, 1094, 1203
0, 725, 1, 5, 0.5, 981, 1033, 1094, 1197
0, 726, 1, 5, 0.5, 981, 1002, 1082, 1178
0, 727, 1, 5, 0.5, 981, 1019, 1094, 1202
0, 728, 1, 5, 0.5, 981, 1049, 1086, 1163
0, 729, 1, 5, 0.5, 981, 1017, 1075, 1145
0, 730, 1, 5, 0.5, 981, 1020, 1083, 1173
0, 731, 1, 5, 0.5, 981, 1019, 1090, 1155
0, 732, 1, 5, 0.5, 981, 1031, 1077, 1190
0, 733, 1, 5, 0.5, 981, 1035, 1092, 1169
0, 734, 1, 5, 0.5, 981, 1046, 1080, 1161
0, 735, 1, 5, 0.5, 981, 1035, 1091, 1163
0, 736, 1, 5, 0.5, 981, 1030, 1088, 1163
0, 737, 1, 5, 0.5, 981, 1042, 1079, 1146
0, 738, 1, 5, 0.5, 981, 1039, 1080, 1171
0, 739, 1, 5, 0.5, 981, 1000, 1073, 1146
0, 740, 1, 5, 0.5, 981, 1037, 1086, 1161
0, 741, 1, 5, 0.5, 981, 1014, 1080, 1166
0, 742, 1, 5, 0.5, 981, 1026, 1068, 1148
0, 743, 1, 5, 0.5, 981, 1029, 1080, 1163
0, 744, 1, 5, 0.5, 981, 1038, 1083, 1169
0, 745, 1, 5, 0.5, 981, 1017, 1086, 1162
0, 746, 1, 5, 0.5, 981, 1026, 1093, 1164
0, 747, 1, 5, 0.5, 981, 1020, 1076, 1148
0, 748, 1, 5, 0.5, 981, 1055, 1094, 1206
0, 749, 1, 5, 0.5, 981, 1046, 1093, 1196
0, 750, 1, 5, 0.5, 981, 1029, 1086, 1220
0, 751, 1, 5, 0.5, 981, 1030, 1082, 1176
0, 752, 1, 5, 0.5, 981, 1024, 1081, 1243
0, 753, 1, 5, 0.5, 981, 1029, 1086, 1183
0, 754, 1, 5, 0.5, 981, 1035, 1088, 1145
0, 755, 1, 5, 0.5, 981, 1045, 1086, 1175
0, 756, 1, 5, 0.5, 981, 1055, 1089, 1212
0, 757, 1, 5, 0.5, 981, 1036, 1082, 1150
0, 758, 1, 5, 0.5, 981, 1033, 1076, 1172
0, 759, 1, 5, 0.5, 981, 1035, 1082, 1169
0, 760, 1, 5, 0.5, 981, 1039, 1082, 1180
0, 761, 1, 5, 0.5, 981, 1026, 1085, 1172
0, 762, 1, 5, 0.5, 981, 1049, 1091, 1190
0, 763, 1, 5, 0.5, 981, 1039, 1083, 1168
0, 764, 1, 5, 0.5, 981, 1053, 1080, 1167
0, 765, 1, 5, 0.5, 981, 1050, 1097, 1194
0, 766, 1, 5, 0.5, 981, 1020, 1088, 1163
0, 767, 1, 5, 0.5, 981, 1056, 1081, 1137
0, 768, 1, 5, 0.5, 981, 1036, 1073, 1157
0, 769, 1, 5, 0.5, 981, 1046, 1087, 1182
0, 770, 1, 5, 0.5, 981, 1032, 1082, 1201
0, 771, 1, 5, 0.5, 981, 1042, 1089, 1212
0, 772, 1, 5, 0.5, 981, 1037, 1089, 1181
0, 773, 1, 5, 0.5, 981, 1035, 1085, 1162
0, 774, 1, 5, 0.5, 981, 1026, 1083, 1152
0, 775, 1, 5, 0.5, 981, 1006, 1079, 1156
0, 776, 1, 5, 0.5, 981, 1040, 1095, 1168
0, 777, 1, 5, 0.5, 981, 1017, 1087, 1180
0, 778, 1, 5, 0.5, 981, 1023, 1076, 1173
0, 779, 1, 5, 0.5, 981, 1036, 1083, 1156
0, 780, 1, 5, 0.5, 981, 1041, 1079, 1169
0, 781, 1, 5, 0.5, 981, 1054, 1104, 1184
0, 782, 1, 5, 0.5, 981, 1045, 1080, 1158
0, 783, 1, 5, 0.5, 981, 1045, 1083, 1159
0, 784, 1, 5, 0.5, 981, 994, 1085, 1201
0, 785, 1, 5, 0.5, 981, 1032, 1085, 1165
0, 786, 1, 5, 0.5, 981, 1023, 1085, 1166
0, 787, 1, 5, 0.5, 981, 1049, 1090, 1161
0, 788, 1, 5, 0.5, 981, 1037, 1092, 1171
0, 789, 1, 5, 0.5, 981, 1051, 1084, 1180
0, 790, 1, 5, 0.5, 981, 1046, 1081, 1148
0, 791, 1, 5, 0.5, 981, 1024, 1080, 1151
0, 792, 1, 5, 0.5, 981, 1014, 1093, 1185
0, 793, 1, 5, 0.5, 981, 1038, 1088, 1173
0, 794, 1, 5, 0.5, 981, 1027, 1088, 1181
0, 795, 1, 5, 0.5, 981, 1042, 1092, 1194
0, 796, 1, 5, 0.5, 981, 1044, 1093, 1164
0, 797, 1, 5, 0.5, 981, 1048, 1081, 1172
0, 798, 1, 5, 0.5, 981, 1042, 1080, 1143
0, 799, 1, 5, 0.5, 981, 1037, 1075, 1166
0, 800, 1, 5, 0.5, 981, 1034, 1092, 1189
0, 801, 1, 5, 0.5, 981, 1034, 1084, 1156
0, 802, 1, 5, 0.5, 981, 1037, 1083, 1163
0, 803, 1, 5, 0.5, 981, 1020, 1091, 1188
0, 804, 1, 5, 0.5, 981, 1025, 1085, 1149
0, 805, 1, 5, 0.5, 981, 1044, 1088, 1166
0, 806, 1, 5, 0.5, 981, 1035, 1087, 1189
0, 807, 1, 5, 0.5, 981, 1032, 1093, 1180
0, 808, 1, 5, 0.5, 981, 1021, 1089, 1177
0, 809, 1, 5, 0.5, 981, 1023, 1083, 1166
0, 810, 1, 5, 0.5, 981, 1043, 1091, 1159
0, 811, 1, 5, 0.5, 981, 1032, 1092, 1207
0, 812, 1, 5, 0.5, 981, 1031, 1092, 1180
0, 813, 1, 5, 0.5, 981, 1052, 1086, 1163
0, 814, 1, 5, 0.5, 981, 1028, 1084, 1182
0, 815, 1, 5, 0.5, 981, 1039, 1093, 1171
0, 816, 1, 5, 0.5, 981, 1053, 1094, 1208
0, 817, 1, 5, 0.5, 981, 1021, 1083, 1180
0, 818, 1, 5, 0.5, 981, 1036, 1081, 1162
0, 819, 1, 5, 0.5, 981, 1025, 1085, 1173
0, 820, 1, 5, 0.5, 981, 1043, 1088, 1168
0, 821, 1, 5, 0.5, 981, 1004, 1081, 1179
0, 822, 1, 5, 0.5, 981, 1041, 1091, 1171
0, 823, 1, 5, 0.5, 981, 1050, 1089, 1177
0, 824, 1, 5, 0.5, 981, 1034, 1082, 1187
0, 825, 1, 5, 0.5, 981, 1029, 1082, 1147
0, 826, 1, 5, 0.5, 981, 1035, 1084, 1172
0, 827, 1, 5, 0.5, 981, 1049, 1080, 1153
0, 828, 1, 5, 0.5, 981, 1037, 1073, 1158
0, 829, 1, 5, 0.5, 981, 1046, 1085, 1156
0, 830, 1, 5, 0.5, 981, 1031, 1089, 1157
0, 831, 1, 5, 0.5, 981, 1050, 1086, 1188
0, 832, 1, 5, 0.5, 981, 1045, 1100, 1177
0, 833, 1, 5, 0.5, 981, 1050, 1087, 1158
0, 834, 1, 5, 0.5, 981, 1032, 1083, 1172
0, 835, 1, 5, 0.5, 981, 1048, 1083, 1194
0, 836, 1, 5, 0.5, 981, 1033, 1086, 1166
0, 837, 1, 5, 0.5, 981, 1041, 1084, 1167
0, 838, 1, 5, 0.5, 981, 1047, 1086, 1144
0, 839, 1, 5, 0.5, 981, 1050, 1083, 1158
0, 840, 1, 5, 0.5, 981, 1041, 1084, 1165
0, 841, 1, 5, 0.5, 981, 1036, 1084, 1148
0, 842, 1, 5, 0.5, 981, 1012, 1094, 1185
0, 843, 1, 5, 0.5, 981, 1040, 1093, 1180
0, 844, 1, 5, 0.5, 981, 1045, 1085, 1194
0, 845, 1, 5, 0.5, 981, 1016, 1091, 1170
0, 846, 1, 5, 0.5, 981, 1051, 1090, 1180
0, 847, 1, 5, 0.5, 981, 1043, 1092, 1221
0, 848, 1, 5, 0.5, 981, 1009, 1086, 1176
0, 849, 1, 5, 0.5, 981, 1021, 1088, 1203
0, 850, 1, 5, 0.5, 981, 1045, 1091, 1194
0, 851, 1, 5, 0.5, 981, 1005, 1077, 1162
0, 852, 1, 5, 0.5, 981, 1044, 1094, 1209
0, 853, 1, 5, 0.5, 981, 1024, 1083, 1157
0, 854, 1, 5, 0.5, 981, 1053, 1086, 1166
0, 855, 1, 5, 0.5, 981, 1006, 1077, 1167
0, 856, 1, 5, 0.5, 981, 1040, 1087, 1175
0, 857, 1, 5, 0.5, 981, 1025, 1096, 1177
0, 858, 1, 5, 0.5, 981, 1055, 1087, 1182
0, 859, 1, 5, 0.5, 981, 1030, 1088, 1226
0, 860, 1, 5, 0.5, 981, 1029, 1098, 1206
0, 861, 1, 5, 0.5, 981, 1044, 1086, 1151
0, 862, 1, 5, 0.5, 981, 1047, 1092, 1194
0, 863, 1, 5, 0.5, 981, 1028, 1087, 1160
0, 864, 1, 5, 0.5, 981, 1026, 1083, 1207
0, 865, 1, 5, 0.5, 981, 1038, 1093, 1193
0, 866, 1, 5, 0.5, 981, 1034, 1098, 1186
0, 867, 1, 5, 0.5, 981, 1048, 1083, 1149
0, 868, 1, 5, 0.5, 981, 1049, 1089, 1150
0, 869, 1, 5, 0.5, 981, 1034, 1087, 1164
0, 870, 1, 5, 0.5, 981, 1039, 1086, 1166
0, 871, 1, 5, 0.5, 981, 1037, 1088, 1192
0, 872, 1, 5, 0.5, 981, 1044, 1087, 1157
0, 873, 1, 5, 0.5, 981, 1054, 1096, 1179
0, 874, 1, 5, 0.5, 981, 1050, 1099, 1180
0, 875, 1, 5, 0.5, 981, 1049, 1093, 1174
0, 876, 1, 5, 0.5, 981, 1048, 1089, 1159
0, 877, 1, 5, 0.5, 981, 1011, 1091, 1164
0, 878, 1, 5, 0.5, 981, 1032, 1084, 1155
0, 879, 1, 5, 0.5, 981, 1037, 1073, 1154
0, 880, 1, 5, 0.5, 981, 1028, 1094, 1175
0, 881, 1, 5, 0.5, 981, 1051, 1096, 1186
0, 882, 1, 5, 0.5, 981, 1049, 1092, 1174
0, 883, 1, 5, 0.5, 981, 1023, 1086, 1191
0, 884, 1, 5, 0.5, 981, 1061, 1088, 1175
0, 885, 1, 5, 0.5, 981, 1047, 1071, 1139
0, 886, 1, 5, 0.5, 981, 1049, 1088, 1168
0, 887, 1, 5, 0.5, 981, 1021, 1092, 1198
0, 888, 1, 5, 0.5, 981, 1025, 1093, 1156
0, 889, 1, 5, 0.5, 981, 1051, 1086, 1166
0, 890, 1, 5, 0.5, 981, 1042, 1090, 1161
0, 891, 1, 5, 0.5, 981, 1059, 1094, 1171
0, 892, 1, 5, 0.5, 981, 1028, 1098, 1199
0, 893, 1, 5, 0.5, 981, 1042, 1091, 1212
0, 894, 1, 5, 0.5, 981, 1043, 1098, 1174
0, 895, 1, 5, 0.5, 981, 1039, 1103, 1209
0, 896, 1, 5, 0.5, 981, 1047, 1085, 1163
0, 897, 1, 5, 0.5, 981, 1040, 1085, 1196
0, 898, 1, 5, 0.5, 981, 1043, 1093, 1225
0, 899, 1, 5, 0.5, 981, 1032, 1086, 1163
0, 900, 1, 5, 0.5, 981, 1033, 1082, 1169
0, 901, 1, 5, 0.5, 981, 1034, 1095, 1169
0, 902, 1, 5, 0.5, 981, 1045, 1085, 1160
0, 903, 1, 5, 0.5, 981, 1039, 1085, 1170
0, 904, 1, 5, 0.5, 981, 1022, 1078, 1163
0, 905, 1, 5, 0.5, 981, 1024, 1090, 1177
0, 906, 1, 5, 0.5, 981, 1052, 1098, 1197
0, 907, 1, 5, 0.5, 981, 1040, 1090, 1206
0, 908, 1, 5, 0.5, 981, 1053, 1088, 1154
0, 909, 1, 5, 0.5, 981, 1033, 1090, 1172
0, 910, 1, 5, 0.5, 981, 1046, 1097, 1163
0, 911, 1, 5, 0.5, 981, 1013, 1084, 1159
0, 912, 1, 5, 0.5, 981, 1037, 1090, 1166
0, 913, 1, 5, 0.5, 981, 1050, 1093, 1169
0, 914, 1, 5, 0.5, 981, 1028, 1084, 1176
0, 915, 1, 5, 0.5, 981, 1059, 1097, 1163
0, 916, 1, 5, 0.5, 981, 1042, 1086, 1160
0, 917, 1, 5, 0.5, 981, 1045, 1091, 1186
0, 918, 1, 5, 0.5, 981, 1050, 1100, 1185
0, 919, 1, 5, 0.5, 981, 1020, 1084, 1177
0, 920, 1, 5, 0.5, 981, 1022, 1094, 1158
0, 921, 1, 5, 0.5, 981, 1031, 1091, 1192
0, 922, 1, 5, 0.5, 981, 1064, 1097, 1197
0, 923, 1, 5, 0.5, 981, 1044, 1089, 1174
0, 924, 1, 5, 0.5, 981, 1038, 1092, 1168
0, 925, 1, 5, 0.5, 981, 1029, 1089, 1162
0, 926, 1, 5, 0.5, 981, 1036, 1100, 1188
0, 927, 1, 5, 0.5, 981, 1049, 1097, 1173
0, 928, 1, 5, 0.5, 981, 1030, 1092, 1201
0, 929, 1, 5, 0.5, 981, 1076, 1097, 1162
0, 930, 1, 5, 0.5, 981, 1050, 1087, 1204
0, 931, 1, 5, 0.5, 981, 1053, 1088, 1152
0, 932, 1, 5, 0.5, 981, 1050, 1092, 1163
0, 933, 1, 5, 0.5, 981, 1046, 1088, 1164
0, 934, 1, 5, 0.5, 981, 1045, 1093, 1166
0, 935, 1, 5, 0.5, 981, 1037, 1092, 1178
0, 936, 1, 5, 0.5, 981, 1045, 1086, 1181
0, 937, 1, 5, 0.5, 981, 1038, 1083, 1154
0, 938, 1, 5, 0.5, 981, 1015, 1091, 1196
0, 939, 1, 5, 0.5, 981, 1050, 1092, 1196
0, 940, 1, 5, 0.5, 981, 1045, 1088, 1198
0, 941, 1, 5, 0.5, 981, 999, 1090, 1162
0, 942, 1, 5, 0.5, 981, 1051, 1095, 1182
0, 943, 1, 5, 0.5, 981, 1017, 1079, 1166
0, 944, 1, 5, 0.5, 981, 1045, 1087, 1146
0, 945, 1, 5, 0.5, 981, 1024, 1101, 1185
0, 946, 1, 5, 0.5, 981, 1029, 1086, 1182
0, 947, 1, 5, 0.5, 981, 1014, 1084, 1173
0, 948, 1, 5, 0.5, 981, 1056, 1090, 1188
0, 949, 1, 5, 0.5, 981, 1060, 1096, 1173
0, 950, 1, 5, 0.5, 981, 1042, 1085, 1180
0, 951, 1, 5, 0.5, 981, 1030, 1085, 1199
0, 952, 1, 5, 0.5, 981, 1046, 1086, 1158
0, 953, 1, 5, 0.5, 981, 1029, 1081, 1151
0, 954, 1, 5, 0.5, 981, 1034, 1090, 1175
0, 955, 1, 5, 0.5, 981, 1038, 1076, 1161
0, 956, 1, 5, 0.5, 981, 1038, 1082, 1208
0, 957, 1, 5, 0.5, 981, 1053, 1090, 1188
0, 958, 1, 5, 0.5, 981, 1022, 1075, 1220
0, 959, 1, 5, 0.5, 981, 1025, 1081, 1152
0, 960, 1, 5, 0.5, 981, 1042, 1088, 1188
0, 961, 1, 5, 0.5, 981, 1044, 1088, 1203
0, 962, 1, 5, 0.5, 981, 1035, 1084, 1172
0, 963, 1, 5, 0.5, 981, 1045, 1097, 1208
0, 964, 1, 5, 0.5, 981, 1030, 1102, 1178
0, 965, 1, 5, 0.5, 981, 1031, 1088, 1161
0, 966, 1, 5, 0.5, 981, 1023, 1091, 1171
0, 967, 1, 5, 0.5, 981, 1012, 1088, 1209
0, 968, 1, 5, 0.5, 981, 1028, 1085, 1170
0, 969, 1, 5, 0.5, 981, 1040, 1094, 1170
0, 970, 1, 5, 0.5, 981, 1035, 1077, 1160
0, 971, 1, 5, 0.5, 981, 1058, 1094, 1174
0, 972, 1, 5, 0.5, 981, 1061, 1085, 1166
0, 973, 1, 5, 0.5, 981, 1010, 1093, 1209
0, 974, 1, 5, 0.5, 981, 1022, 1089, 1177
0, 975, 1, 5, 0.5, 981, 1036, 1085, 1172
0, 976, 1, 5, 0.5, 981, 1039, 1077, 1171
0, 977, 1, 5, 0.5, 981, 1033, 1092, 1184
0, 978, 1, 5, 0.5, 981, 1032, 1087, 1185
0, 979, 1, 5, 0.5, 981, 1052, 1080, 1145
0, 980, 1, 5, 0.5, 981, 1028, 1084, 1199
0, 981, 1, 5, 0.5, 981, 1048, 1088, 1186
0, 982, 1, 5, 0.5, 981, 1041, 1094, 1230
0, 983, 1, 5, 0.5, 981, 1042, 1090, 1173
0, 984, 1, 5, 0.5, 981, 1035, 1088, 1193
0, 985, 1, 5, 0.5, 981, 1046, 1078, 1164
0, 986, 1, 5, 0.5, 981, 1041, 1089, 1170
0, 987, 1, 5, 0.5, 981, 1024, 1085, 1183
0, 988, 1, 5, 0.5, 981, 1028, 1079, 1151
0, 989, 1, 5, 0.5, 981, 1021, 1090, 1194
0, 990, 1, 5, 0.5, 981, 1025, 1082, 1183
0, 991, 1, 5, 0.5, 981, 1047, 1081, 1154
0, 992, 1, 5, 0.5, 981, 1056, 1082, 1162
0, 993, 1, 5, 0.5, 981, 1034, 1093, 1180
0, 994, 1, 5, 0.5, 981, 1050, 1090, 1165
0, 995, 1, 5, 0.5, 981, 1074, 1108, 1206
0, 996, 1, 5, 0.5, 981, 1034, 1089, 1181
0, 997, 1, 5, 0.5, 981, 1038, 1081, 1160
0, 998, 1, 5, 0.5, 981, 1042, 1089, 1192
0, 999, 1, 5, 0.5, 981, 1036, 1095, 1163
0, 1000, 1, 5, 0.5, 979, 979, 1080, 1158
0, 1001, 1, 5, 0.5, 979, 1031, 1083, 1166
0, 1002, 1, 5, 0.5, 979, 1028, 1104, 1205
0, 1003, 1, 5, 0.5, 979, 1045, 1091, 1181
0, 1004, 1, 5, 0.5, 979, 1030, 1092, 1189
0, 1005, 1, 5, 0.5, 979, 1032, 1094, 1174
0, 1006, 1, 5, 0.5, 979, 1030, 1086, 1213
0, 1007, 1, 5, 0.5, 979, 1048, 1087, 1149
0, 1008, 1, 5, 0.5, 979, 1041, 1078, 1154
0, 1009, 1, 5, 0.5, 979, 1027, 1089, 1153
0, 1010, 1, 5, 0.5, 979, 1019, 1084, 1174
0, 1011, 1, 5, 0.5, 979, 1040, 1099, 1183
0, 1012, 1, 5, 0.5, 979, 1008, 1075, 1162
0, 1013, 1, 5, 0.5, 979, 1039, 1091, 1149
0, 1014, 1, 5, 0.5, 979, 1030, 1076, 1147
0, 1015, 1, 5, 0.5, 979, 1051, 1085, 1171
0, 1016, 1, 5, 0.5, 979, 1022, 1084, 1187
0, 1017, 1, 5, 0.5, 979, 1010, 1086, 1163
0, 1018, 1, 5, 0.5, 979, 1059, 1086, 1145
0, 1019, 1, 5, 0.5, 979, 1048, 1088, 1178
0, 1020, 1, 5, 0.5, 979, 1052, 1089, 1193
0, 1021, 1, 5, 0.5, 979, 1005, 1088, 1152
0, 1022, 1, 5, 0.5, 979, 1020, 1091, 1178
0, 1023, 1, 5, 0.5, 979, 1040, 1083, 1153
0, 1024, 1, 5, 0.5, 979, 1008, 1081, 1173
0, 1025, 1, 5, 0.5, 979, 1063, 1089, 1148
0, 1026, 1, 5, 0.5, 979, 1046, 1088, 1191
0, 1027, 1, 5, 0.5, 979, 1041, 1095, 1197
0, 1028, 1, 5, 0.5, 979, 1016, 1082, 1176
0, 1029, 1, 5, 0.5, 979, 1043, 1091, 1168
0, 1030, 1, 5, 0.5, 979, 1032, 1089, 1191
0, 1031, 1, 5, 0.5, 979, 1042, 1088, 1163
0, 1032, 1, 5, 0.5, 979, 1035, 1091, 1166
0, 1033, 1, 5, 0.5, 979, 1032, 1081, 1156
0, 1034, 1, 5, 0.5, 979, 1031, 1091, 1190
0, 1035, 1, 5, 0.5, 979, 1017, 1091, 1179
0, 1036, 1, 5, 0.5, 979, 1025, 1081, 1164
0, 1037, 1, 5, 0.5, 979, 1026, 1095, 1195
0, 1038, 1, 5, 0.5, 979, 1043, 1084, 1160
0, 1039, 1, 5, 0.5, 979, 1059, 1096, 1153
0, 1040, 1, 5, 0.5, 979, 1036, 1077, 1170
0, 1041, 1, 5, 0.5, 979, 1037, 1082, 1158
0, 1042, 1, 5, 0.5, 979, 1016, 1092, 1227
0, 1043, 1, 5, 0.5, 979, 1028, 1087, 1155
0, 1044, 1, 5, 0.5, 979, 1059, 1097, 1166
0, 1045, 1, 5, 0.5, 979, 1024, 1084, 1200
0, 1046, 1, 5, 0.5, 979, 1058, 1094, 1156
0, 1047, 1, 5, 0.5, 979, 1060, 1095, 1177
0, 1048, 1, 5, 0.5, 979, 1029, 1083, 1174
0, 1049, 1, 5, 0.5, 979, 1037, 1082, 1166
0, 1050, 1, 5, 0.5, 979, 1038, 1088, 1161
0, 1051, 1, 5, 0.5, 979, 1021, 1083, 1185
0, 1052, 1, 5, 0.5, 979, 1009, 1086, 1174
0, 1053, 1, 5, 0.5, 979, 1008, 1081, 1171
0, 1054, 1, 5, 0.5, 979, 1035, 1087, 1185
0, 1055, 1, 5, 0.5, 979, 1044, 1084, 1155
0, 1056, 1, 5, 0.5, 979, 1043, 1078, 1160
0, 1057, 1, 5, 0.5, 979, 1031, 1093, 1201
0, 1058, 1, 5, 0.5, 979, 1038, 1081, 1189
0, 1059, 1, 5, 0.5, 979, 1043, 1094, 1161
0, 1060, 1, 5, 0.5, 979, 1032, 1089, 1182
0, 1061, 1, 5, 0.5, 979, 998, 1095, 1191
0, 1062, 1, 5, 0.5, 979, 1046, 1087, 1160
0, 1063, 1, 5, 0.5, 979, 1044, 1089, 1161
0, 1064, 1, 5, 0.5, 979, 1050, 1086, 1162
0, 1065, 1, 5, 0.5, 979, 1035, 1101, 1185
0, 1066, 1, 5, 0.5, 979, 1025, 1095, 1169
0, 1067, 1, 5, 0.5, 979, 1036, 1086, 1163
0, 1068, 1, 5, 0.5, 979, 1042, 1104, 1198
0, 1069, 1, 5, 0.5, 979, 1036, 1092, 1177
0, 1070, 1, 5, 0.5, 979, 1065, 1095, 1160
0, 1071, 1, 5, 0.5, 979, 1028, 1084, 1179
0, 1072, 1, 5, 0.5, 979, 1050, 1087, 1149
0, 1073, 1, 5, 0.5, 979, 1044, 1084, 1171
0, 1074, 1, 5, 0.5, 979, 1043, 1086, 1179
0, 1075, 1, 5, 0.5, 979, 1038, 1092, 1173
0, 1076, 1, 5, 0.5, 979, 1028, 1092, 1213
0, 1077, 1, 5, 0.5, 979, 1035, 1099, 1201
0, 1078, 1, 5, 0.5, 979, 1026, 1100, 1224
0, 1079, 1, 5, 0.5, 979, 1041, 1097, 1201
0, 1080, 1, 5, 0.5, 979, 1039, 1089, 1166
0, 1081, 1, 5, 0.5, 979, 1044, 1087, 1161
0, 1082, 1, 5, 0.5, 979, 1029, 1090, 1181
0, 1083, 1, 5, 0.5, 979, 1035, 1092, 1156
0, 1084, 1, 5, 0.5, 979, 1046, 1089, 1163
0, 1085, 1, 5, 0.5, 979, 1063, 1099, 1173
0, 1086, 1, 5, 0.5, 979, 1032, 1082, 1170
0, 1087, 1, 5, 0.5, 979, 1019, 1077, 1176
0, 1088, 1, 5, 0.5, 979, 1025, 1085, 1157
0, 1089, 1, 5, 0.5, 979, 1038, 1094, 1206
0, 1090, 1, 5, 0.5, 979, 1034, 1091, 1205
0, 1091, 1, 5, 0.5, 979, 1034, 1079, 1164
0, 1092, 1, 5, 0.5, 979, 1023, 1086, 1174
0, 1093, 1, 5, 0.5, 979, 1035, 1074, 1177
0, 1094, 1, 5, 0.5, 979, 1041, 1089, 1143
0, 1095, 1, 5, 0.5, 979, 1009, 1089, 1153
0, 1096, 1, 5, 0.5, 979, 1027, 1088, 1185
0, 1097, 1, 5, 0.5, 979, 1024, 1090, 1192
0, 1098, 1, 5, 0.5, 978, 978, 1087, 1175
0, 1099, 1, 5, 0.5, 978, 1032, 1084, 1158
0, 1100, 1, 5, 0.5, 978, 1050, 1100, 1197
0, 1101, 1, 5, 0.5, 978, 1036, 1080, 1160
0, 1102, 1, 5, 0.5, 978, 1052, 1095, 1200
0, 1103, 1, 5, 0.5, 978, 1031, 1085, 1204
0, 1104, 1, 5, 0.5, 978, 1032, 1080, 1177
0, 1105, 1, 5, 0.5, 978, 1016, 1079, 1171
0, 1106, 1, 5, 0.5, 978, 1051, 1079, 1144
0, 1107, 1, 5, 0.5, 978, 1041, 1084, 1152
0, 1108, 1, 5, 0.5, 978, 1034, 1084, 1181
0, 1109, 1, 5, 0.5, 978, 1044, 1092, 1201
0, 1110, 1, 5, 0.5, 978, 1051, 1096, 1187
0, 1111, 1, 5, 0.5, 978, 1015, 1089, 1187
0, 1112, 1, 5, 0.5, 978, 1030, 1095, 1205
0, 1113, 1, 5, 0.5, 978, 1043, 1095, 1179
0, 1114, 1, 5, 0.5, 978, 1041, 1097, 1171
0, 1115, 1, 5, 0.5, 978, 1045, 1091, 1186
0, 1116, 1, 5, 0.5, 978, 1046, 1091, 1177
0, 1117, 1, 5, 0.5, 978, 1041, 1092, 1153
0, 1118, 1, 5, 0.5, 978, 1048, 1081, 1145
0, 1119, 1, 5, 0.5, 978, 1055, 1088, 1175
0, 1120, 1, 5, 0.5, 978, 1042, 1095, 1205
0, 1121, 1, 5, 0.5, 978, 1020, 1091, 1187
0, 1122, 1, 5, 0.5, 978, 1019, 1088, 1154
0, 1123, 1, 5, 0.5, 978, 1031, 1074, 1171
0, 1124, 1, 5, 0.5, 978, 1025, 1082, 1176
0, 1125, 1, 5, 0.5, 978, 1018, 1094, 1167
0, 1126, 1, 5, 0.5, 978, 1033, 1085, 1183
0, 1127, 1, 5, 0.5, 978, 1033, 1086, 1201
0, 1128, 1, 5, 0.5, 978, 1036, 1093, 1198
0, 1129, 1, 5, 0.5, 978, 1033, 1092, 1151
0, 1130, 1, 5, 0.5, 978, 1030, 1082, 1180
0, 1131, 1, 5, 0.5, 978, 1024, 1095, 1197
0, 1132, 1, 5, 0.5, 978, 1031, 1088, 1178
0, 1133, 1, 5, 0.5, 978, 1031, 1082, 1175
0, 1134, 1, 5, 0.5, 978, 1033, 1088, 1152
0, 1135, 1, 5, 0.5, 978, 1036, 1085, 1156
0, 1136, 1, 5, 0.5, 978, 1063, 1093, 1164
0, 1137, 1, 5, 0.5, 978, 1024, 1084, 1198
0, 1138, 1, 5, 0.5, 978, 1026, 1093, 1224
0, 1139, 1, 5, 0.5, 978, 1058, 1098, 1220
0, 1140, 1, 5, 0.5, 978, 1029, 1093, 1207
0, 1141, 1, 5, 0.5, 978, 1038, 1088, 1208
0, 1142, 1, 5, 0.5, 978, 1058, 1103, 1240
0, 1143, 1, 5, 0.5, 978, 1031, 1108, 1202
0, 1144, 1, 5, 0.5, 978, 1037, 1106, 1187
0, 1145, 1, 5, 0.5, 978, 1051, 1088, 1175
0, 1146, 1, 5, 0.5, 978, 1014, 1083, 1162
0, 1147, 1, 5, 0.5, 978, 1034, 1082, 1204
0, 1148, 1, 5, 0.5, 978, 1011, 1084, 1190
0, 1149, 1, 5, 0.5, 978, 1038, 1072, 1184
0, 1150, 1, 5, 0.5, 978, 1007, 1086, 1180
0, 1151, 1, 5, 0.5, 978, 1012, 1087, 1183
0, 1152, 1, 5, 0.5, 978, 1024, 1089, 1204
0, 1153, 1, 5, 0.5, 978, 1026, 1076, 1156
0, 1154, 1, 5, 0.5, 978, 1049, 1089, 1203
0, 1155, 1, 5, 0.5, 978, 1054, 1087, 1187
0, 1156, 1, 5, 0.5, 978, 1061, 1094, 1186
0, 1157, 1, 5, 0.5, 978, 1036, 1093, 1200
0, 1158, 1, 5, 0.5, 978, 1039, 1084, 1205
0, 1159, 1, 5, 0.5, 978, 1044, 1093, 1173
0, 1160, 1, 5, 0.5, 978, 1056, 1094, 1184
0, 1161, 1, 5, 0.5, 978, 1031, 1090, 1188
0, 1162, 1, 5, 0.5, 978, 1053, 1098, 1191
0, 1163, 1, 5, 0.5, 978, 1037, 1082, 1139
0, 1164, 1, 5, 0.5, 978, 1031, 1090, 1162
0, 1165, 1, 5, 0.5, 978, 1024, 1087, 1183
0, 1166, 1, 5, 0.5, 978, 1042, 1084, 1143
0, 1167, 1, 5, 0.5, 978, 1053, 1107, 1193
0, 1168, 1, 5, 0.5, 978, 1030, 1086, 1165
0, 1169, 1, 5, 0.5, 978, 1052, 1094, 1170
0, 1170, 1, 5, 0.5, 978, 1027, 1066, 1169
0, 1171, 1, 5, 0.5, 978, 1042, 1086, 1180
0, 1172, 1, 5, 0.5, 978, 1021, 1088, 1195
0, 1173, 1, 5, 0.5, 978, 1054, 1095, 1187
0, 1174, 1, 5, 0.5, 978, 1031, 1086, 1173
0, 1175, 1, 5, 0.5, 978, 1038, 1096, 1173
0, 1176, 1, 5, 0.5, 978, 1060, 1101, 1180
0, 1177, 1, 5, 0.5, 978, 1019, 1092, 1177
0, 1178, 1, 5, 0.5, 978, 993, 1074, 1185
0, 1179, 1, 5, 0.5, 978, 1029, 1094, 1214
0, 1180, 1, 5, 0.5, 978, 1033, 1091, 1187
0, 1181, 1, 5, 0.5, 978, 1053, 1094, 1199
0, 1182, 1, 5, 0.5, 978, 1050, 1100, 1201
0, 1183, 1, 5, 0.5, 978, 1026, 1094, 1190
0, 1184, 1, 5, 0.5, 978, 1056, 1104, 1202
0, 1185, 1, 5, 0.5, 978, 1039, 1082, 1163
0, 1186, 1, 5, 0.5, 978, 1046, 1085, 1168
0, 1187, 1, 5, 0.5, 978, 1073, 1091, 1168
0, 1188, 1, 5, 0.5, 978, 1008, 1092, 1154
0, 1189, 1, 5, 0.5, 978, 1039, 1092, 1213
0, 1190, 1, 5, 0.5, 978, 1029, 1094, 1197
0, 1191, 1, 5, 0.5, 978, 1045, 1091, 1162
0, 1192, 1, 5, 0.5, 978, 1040, 1091, 1196
0, 1193, 1, 5, 0.5, 978, 1030, 1097, 1234
0, 1194, 1, 5, 0.5, 978, 1050, 1093, 1183
0, 1195, 1, 5, 0.5, 978, 1035, 1103, 1183
0, 1196, 1, 5, 0.5, 978, 1031, 1081, 1185
0, 1197, 1, 5, 0.5, 978, 1019, 1083, 1184
0, 1198, 1, 5, 0.5, 978, 1020, 1085, 1205
0, 1199, 1, 5, 0.5, 978, 1043, 1100, 1164
0, 1200, 1, 5, 0.5, 978, 1027, 1076, 1175
0, 1201, 1, 5, 0.5, 978, 1049, 1091, 1157
0, 1202, 1, 5, 0.5, 978, 1044, 1084, 1179
0, 1203, 1, 5, 0.5, 978, 1040, 1089, 1187
0, 1204, 1, 5, 0.5, 978, 1039, 1081, 1171
0, 1205, 1, 5, 0.5, 978, 1030, 1088, 1167
0, 1206, 1, 5, 0.5, 978, 1037, 1092, 1229
0, 1207, 1, 5, 0.5, 978, 1053, 1095, 1206
0, 1208, 1, 5, 0.5, 978, 1044, 1096, 1195
0, 1209, 1, 5, 0.5, 978, 1030, 1086, 1168
0, 1210, 1, 5, 0.5, 978, 1033, 1085, 1165
0, 1211, 1, 5, 0.5, 978, 1033, 1090, 1204
0, 1212, 1, 5, 0.5, 978, 1044, 1094, 1186
0, 1213, 1, 5, 0.5, 978, 1053, 1088, 1170
0, 1214, 1, 5, 0.5, 978, 1075, 1101, 1164
0, 1215, 1, 5, 0.5, 978, 1042, 1093, 1188
0, 1216, 1, 5, 0.5, 978, 1047, 1086, 1191
0, 1217, 1, 5, 0.5, 978, 1035, 1094, 1197
0, 1218, 1, 5, 0.5, 978, 1061, 1098, 1187
0, 1219, 1, 5, 0.5, 978, 1028, 1089, 1187
0, 1220, 1, 5, 0.5, 978, 1025, 1095, 1190
0, 1221, 1, 5, 0.5, 978, 1032, 1091, 1194
0, 1222, 1, 5, 0.5, 978, 1059, 1101, 1185
0, 1223, 1, 5, 0.5, 978, 1035, 1080, 1189
0, 1224, 1, 5, 0.5, 978, 1048, 1102, 1195
0, 1225, 1, 5, 0.5, 978, 1044, 1087, 1196
0, 1226, 1, 5, 0.5, 978, 1010, 1089, 1155
0, 1227, 1, 5, 0.5, 978, 1024, 1086, 1156
0, 1228, 1, 5, 0.5, 978, 1014, 1076, 1190
0, 1229, 1, 5, 0.5, 978, 1020, 1088, 1179
0, 1230, 1, 5, 0.5, 978, 1038, 1094, 1180
0, 1231, 1, 5, 0.5, 978, 1035, 1095, 1173
0, 1232, 1, 5, 0.5, 978, 1049, 1097, 1157
0, 1233, 1, 5, 0.5, 978, 1063, 1089, 1179
0, 1234, 1, 5, 0.5, 978, 1054, 1102, 1217
0, 1235, 1, 5, 0.5, 978, 1022, 1085, 1161
0, 1236, 1, 5, 0.5, 978, 1040, 1086, 1153
0, 1237, 1, 5, 0.5, 978, 1040, 1079, 1174
0, 1238, 1, 5, 0.5, 978, 1051, 1095, 1191
0, 1239, 1, 5, 0.5, 978, 1014, 1084, 1157
0, 1240, 1, 5, 0.5, 978, 1024, 1084, 1137
0, 1241, 1, 5, 0.5, 978, 1026, 1082, 1174
0, 1242, 1, 5, 0.5, 978, 1043, 1087, 1166
0, 1243, 1, 5, 0.5, 978, 1058, 1104, 1199
0, 1244, 1, 5, 0.5, 978, 1060, 1084, 1153
0, 1245, 1, 5, 0.5, 978, 1026, 1085, 1182
0, 1246, 1, 5, 0.5, 978, 1047, 1093, 1185
0, 1247, 1, 5, 0.5, 978, 1032, 1098, 1184
0, 1248, 1, 5, 0.5, 978, 1040, 1083, 1167
0, 1249, 1, 5, 0.5, 978, 1034, 1096, 1177
0, 1250, 1, 5, 0.5, 978, 1019, 1079, 1162
0, 1251, 1, 5, 0.5, 978, 1037, 1086, 1173
0, 1252, 1, 5, 0.5, 978, 1027, 1091, 1189
0, 1253, 1, 5, 0.5, 978, 1043, 1090, 1201
0, 1254, 1, 5, 0.5, 978, 1035, 1086, 1167
0, 1255, 1, 5, 0.5, 978, 1015, 1091, 1142
0, 1256, 1, 5, 0.5, 978, 1051, 1101, 1175
0, 1257, 1, 5, 0.5, 978, 1047, 1096, 1187
0, 1258, 1, 5, 0.5, 978, 1035, 1084, 1167
0, 1259, 1, 5, 0.5, 978, 1036, 1097, 1170
0, 1260, 1, 5, 0.5, 978, 1036, 1084, 1150
0, 1261, 1, 5, 0.5, 978, 1029, 1095, 1175
0, 1262, 1, 5, 0.5, 978, 1029, 1090, 1180
0, 1263, 1, 5, 0.5, 978, 1044, 1093, 1202
0, 1264, 1, 5, 0.5, 978, 1038, 1087, 1207
0, 1265, 1, 5, 0.5, 978, 1031, 1098, 1188
0, 1266, 1, 5, 0.5, 978, 1037, 1089, 1161
0, 1267, 1, 5, 0.5, 978, 1049, 1087, 1186
0, 1268, 1, 5, 0.5, 978, 1019, 1080, 1156
0, 1269, 1, 5, 0.5, 978, 1012, 1092, 1159
0, 1270, 1, 5, 0.5, 978, 1028, 1091, 1177
0, 1271, 1, 5, 0.5, 978, 1030, 1094, 1151
0, 1272, 1, 5, 0.5, 978, 1015, 1089, 1192
0, 1273, 1, 5, 0.5, 978, 1048, 1094, 1165
0, 1274, 1, 5, 0.5, 978, 1007, 1091, 1159
0, 1275, 1, 5, 0.5, 978, 1049, 1085, 1158
0, 1276, 1, 5, 0.5, 978, 1039, 1079, 1144
0, 1277, 1, 5, 0.5, 978, 989, 1084, 1176
0, 1278, 1, 5, 0.5, 978, 1015, 1070, 1175
0, 1279, 1, 5, 0.5, 978, 1030, 1080, 1160
0, 1280, 1, 5, 0.5, 978, 1026, 1070, 1153
0, 1281, 1, 5, 0.5, 978, 1002, 1077, 1175
0, 1282, 1, 5, 0.5, 978, 1035, 1077, 1141
0, 1283, 1, 5, 0.5, 978, 1045, 1089, 1179
0, 1284, 1, 5, 0.5, 978, 1057, 1084, 1174
0, 1285, 1, 5, 0.5, 978, 1038, 1075, 1168
0, 1286, 1, 5, 0.5, 978, 1056, 1087, 1173
0, 1287, 1, 5, 0.5, 978, 1056, 1085, 1169
0, 1288, 1, 5, 0.5, 978, 1030, 1082, 1140
0, 1289, 1, 5, 0.5, 978, 1050, 1086, 1148
0, 1290, 1, 5, 0.5, 978, 1060, 1094, 1191
0, 1291, 1, 5, 0.5, 978, 1035, 1085, 1163
0, 1292, 1, 5, 0.5, 978, 1034, 1091, 1172
0, 1293, 1, 5, 0.5, 978, 1027, 1084, 1160
0, 1294, 1, 5, 0.5, 978, 1038, 1088, 1171
0, 1295, 1, 5, 0.5, 978, 1024, 1077, 1150
0, 1296, 1, 5, 0.5, 978, 1039, 1076, 1194
0, 1297, 1, 5, 0.5, 978, 1004, 1082, 1152
0, 1298, 1, 5, 0.5, 978, 1015, 1059, 1139
0, 1299, 1, 5, 0.5, 978, 1026, 1072, 1168
0, 1300, 1, 5, 0.5, 978, 1012, 1076, 1172
0, 1301, 1, 5, 0.5, 978, 1045, 1074, 1141
0, 1302, 1, 5, 0.5, 978, 1009, 1078, 1160
0, 1303, 1, 5, 0.5, 978, 1033, 1075, 1134
0, 1304, 1, 5, 0.5, 978, 1017, 1078, 1171
0, 1305, 1, 5, 0.5, 978, 1032, 1083, 1165
0, 1306, 1, 5, 0.5, 978, 1032, 1078, 1153
0, 1307, 1, 5, 0.5, 978, 1065, 1098, 1188
0, 1308, 1, 5, 0.5, 978, 1044, 1079, 1157
0, 1309, 1, 5, 0.5, 978, 1031, 1085, 1150
0, 1310, 1, 5, 0.5, 978, 1043, 1092, 1170
0, 1311, 1, 5, 0.5, 978, 1024, 1078, 1153
0, 1312, 1, 5, 0.5, 978, 1044, 1090, 1206
0, 1313, 1, 5, 0.5, 978, 1044, 1090, 1176
0, 1314, 1, 5, 0.5, 978, 1030, 1086, 1183
0, 1315, 1, 5, 0.5, 978, 1041, 1082, 1162
0, 1316, 1, 5, 0.5, 978, 1027, 1081, 1156
0, 1317, 1, 5, 0.5, 978, 1037, 1086, 1168
0, 1318, 1, 5, 0.5, 978, 1030, 1084, 1156
0, 1319, 1, 5, 0.5, 978, 1035, 1084, 1143
0, 1320, 1, 5, 0.5, 978, 1036, 1083, 1183
0, 1321, 1, 5, 0.5, 978, 1016, 1080, 1154
0, 1322, 1, 5, 0.5, 978, 1045, 1082, 1166
0, 1323, 1, 5, 0.5, 978, 1025, 1084, 1203
0, 1324, 1, 5, 0.5, 978, 1027, 1081, 1152
0, 1325, 1, 5, 0.5, 978, 1036, 1084, 1166
0, 1326, 1, 5, 0.5, 978, 1033, 1080, 1158
0, 1327, 1, 5, 0.5, 978, 1026, 1085, 1150
0, 1328, 1, 5, 0.5, 978, 1030, 1093, 1179
0, 1329, 1, 5, 0.5, 978, 1024, 1081, 1187
0, 1330, 1, 5, 0.5, 978, 1029, 1090, 1155
0, 1331, 1, 5, 0.5, 978, 1030, 1085, 1179
0, 1332, 1, 5, 0.5, 978, 1031, 1088, 1166
0, 1333, 1, 5, 0.5, 978, 1035, 1088, 1166
0, 1334, 1, 5, 0.5, 978, 1043, 1092, 1181
0, 1335, 1, 5, 0.5, 978, 1016, 1093, 1173
0, 1336, 1, 5, 0.5, 978, 1028, 1089, 1169
0, 1337, 1, 5, 0.5, 978, 1034, 1085, 1147
0, 1338, 1, 5, 0.5, 978, 1056, 1099, 1200
0, 1339, 1, 5, 0.5, 978, 1009, 1094, 1169
0, 1340, 1, 5, 0.5, 978, 1051, 1085, 1172
0, 1341, 1, 5, 0.5, 978, 1035, 1100, 1175
0, 1342, 1, 5, 0.5, 978, 1021, 1084, 1163
0, 1343, 1, 5, 0.5, 978, 1009, 1085, 1190
0, 1344, 1, 5, 0.5, 978, 1055, 1086, 1148
0, 1345, 1, 5, 0.5, 978, 1028, 1099, 1200
0, 1346, 1, 5, 0.5, 978, 1022, 1083, 1151
0, 1347, 1, 5, 0.5, 978, 1028, 1091, 1175
0, 1348, 1, 5, 0.5, 978, 1026, 1089, 1183
0, 1349, 1, 5, 0.5, 978, 1022, 1098, 1155
0, 1350, 1, 5, 0.5, 978, 1022, 1087, 1170
0, 1351, 1, 5, 0.5, 978, 1040, 1094, 1209
0, 1352, 1, 5, 0.5, 978, 1069, 1095, 1178
0, 1353, 1, 5, 0.5, 978, 1028, 1091, 1180
0, 1354, 1, 5, 0.5, 978, 1028, 1094, 1176
0, 1355, 1, 5, 0.5, 978, 987, 1089, 1184
0, 1356, 1, 5, 0.5, 978, 1036, 1095, 1178
0, 1357, 1, 5, 0.5, 978, 1014, 1085, 1153
0, 1358, 1, 5, 0.5, 978, 1043, 1099, 1166
0, 1359, 1, 5, 0.5, 978, 1036, 1090, 1164
0, 1360, 1, 5, 0.5, 978, 998, 1088, 1180
0, 1361, 1, 5, 0.5, 978, 1031, 1090, 1186
0, 1362, 1, 5, 0.5, 978, 1048, 1091, 1148
0, 1363, 1, 5, 0.5, 978, 1008, 1072, 1181
0, 1364, 1, 5, 0.5, 978, 1036, 1094, 1188
0, 1365, 1, 5, 0.5, 978, 1029, 1095, 1187
0, 1366, 1, 5, 0.5, 978, 1062, 1094, 1185
0, 1367, 1, 5, 0.5, 978, 1039, 1085, 1172
0, 1368, 1, 5, 0.5, 978, 1045, 1086, 1150
0, 1369, 1, 5, 0.5, 978, 1008, 1076, 1165
0, 1370, 1, 5, 0.5, 978, 1023, 1086, 1215
0, 1371, 1, 5, 0.5, 978, 1010, 1076, 1157
0, 1372, 1, 5, 0.5, 978, 1017, 1089, 1217
0, 1373, 1, 5, 0.5, 978, 1035, 1079, 1181
0, 1374, 1, 5, 0.5, 978, 1040, 1088, 1163
0, 1375, 1, 5, 0.5, 978, 1040, 1087, 1191
0, 1376, 1, 5, 0.5, 978, 1042, 1091, 1159
0, 1377, 1, 5, 0.5, 978, 1043, 1084, 1167
0, 1378, 1, 5, 0.5, 978, 1051, 1093, 1177
0, 1379, 1, 5, 0.5, 978, 1051, 1086, 1154
0, 1380, 1, 5, 0.5, 978, 1007, 1083, 1160
0, 1381, 1, 5, 0.5, 978, 1030, 1089, 1173
0, 1382, 1, 5, 0.5, 978, 1041, 1105, 1180
0, 1383, 1, 5, 0.5, 978, 1038, 1095, 1154
0, 1384, 1, 5, 0.5, 978, 1056, 1081, 1163
0, 1385, 1, 5, 0.5, 978, 1020, 1080, 1155
0, 1386, 1, 5, 0.5, 978, 1027, 1090, 1194
0, 1387, 1, 5, 0.5, 978, 1045, 1097, 1168
0, 1388, 1, 5, 0.5, 978, 1004, 1084, 1161
0, 1389, 1, 5, 0.5, 978, 1023, 1087, 1159
0, 1390, 1, 5, 0.5, 978, 1041, 1092, 1180
0, 1391, 1, 5, 0.5, 978, 1035, 1095, 1169
0, 1392, 1, 5, 0.5, 978, 1039, 1088, 1171
0, 1393, 1, 5, 0.5, 978, 1040, 1080, 1167
0, 1394, 1, 5, 0.5, 978, 1034, 1082, 1182
0, 1395, 1, 5, 0.5, 978, 1030, 1094, 1197
0, 1396, 1, 5, 0.5, 978, 1050, 1081, 1172
0, 1397, 1, 5, 0.5, 978, 1047, 1088, 1171
0, 1398, 1, 5, 0.5, 978, 1019, 1087, 1196
0, 1399, 1, 5, 0.5, 978, 1021, 1089, 1175
0, 1400, 1, 5, 0.5, 978, 1049, 1095, 1236
0, 1401, 1, 5, 0.5, 978, 1020, 1081, 1193
0, 1402, 1, 5, 0.5, 978, 1034, 1094, 1183
0, 1403, 1, 5, 0.5, 978, 1036, 1091, 1164
0, 1404, 1, 5, 0.5, 978, 1024, 1071, 1155
0, 1405, 1, 5, 0.5, 978, 1005, 1085, 1152
0, 1406, 1, 5, 0.5, 978, 1037, 1094, 1210
0, 1407, 1, 5, 0.5, 978, 1028, 1087, 1172
0, 1408, 1, 5, 0.5, 978, 1037, 1089, 1161
0, 1409, 1, 5, 0.5, 978, 1009, 1082, 1171
0, 1410, 1, 5, 0.5, 978, 1044, 1087, 1144
0, 1411, 1, 5, 0.5, 978, 1032, 1098, 1190
0, 1412, 1, 5, 0.5, 978, 1017, 1078, 1185
0, 1413, 1, 5, 0.5, 978, 1027, 1078, 1184
0, 1414, 1, 5, 0.5, 978, 1056, 1089, 1171
0, 1415, 1, 5, 0.5, 978, 1016, 1087, 1160
0, 1416, 1, 5, 0.5, 978, 1015, 1084, 1179
0, 1417, 1, 5, 0.5, 978, 1022, 1096, 1189
0, 1418, 1, 5, 0.5, 978, 1026, 1085, 1183
0, 1419, 1, 5, 0.5, 978, 1051, 1081, 1168
0, 1420, 1, 5, 0.5, 978, 1061, 1090, 1178
0, 1421, 1, 5, 0.5, 978, 1027, 1091, 1166
0, 1422, 1, 5, 0.5, 978, 1019, 1086, 1160
0, 1423, 1, 5, 0.5, 978, 1038, 1084, 1165
0, 1424, 1, 5, 0.5, 978, 1037, 1092, 1161
0, 1425, 1, 5, 0.5, 978, 1044, 1095, 1167
0, 1426, 1, 5, 0.5, 978, 1033, 1088, 1193
0, 1427, 1, 5, 0.5, 978, 1035, 1096, 1181
0, 1428, 1, 5, 0.5, 978, 1047, 1090, 1183
0, 1429, 1, 5, 0.5, 978, 1028, 1087, 1202
0, 1430, 1, 5, 0.5, 978, 1057, 1091, 1185
0, 1431, 1, 5, 0.5, 978, 1046, 1082, 1173
0, 1432, 1, 5, 0.5, 978, 1039, 1092, 1171
0, 1433, 1, 5, 0.5, 978, 1025, 1091, 1197
0, 1434, 1, 5, 0.5, 978, 1037, 1079, 1170
0, 1435, 1, 5, 0.5, 978, 1035, 1092, 1180
0, 1436, 1, 5, 0.5, 978, 1047, 1083, 1162
0, 1437, 1, 5, 0.5, 978, 1031, 1082, 1165
0, 1438, 1, 5, 0.5, 978, 995, 1084, 1195
0, 1439, 1, 5, 0.5, 978, 1046, 1082, 1194
0, 1440, 1, 5, 0.5, 978, 1060, 1085, 1163
0, 1441, 1, 5, 0.5, 978, 1032, 1083, 1191
0, 1442, 1, 5, 0.5, 978, 1045, 1087, 1185
0, 1443, 1, 5, 0.5, 978, 1035, 1101, 1195
0, 1444, 1, 5, 0.5, 978, 1045, 1086, 1159
0, 1445, 1, 5, 0.5, 978, 1029, 1087, 1179
0, 1446, 1, 5, 0.5, 978, 1058, 1088, 1159
0, 1447, 1, 5, 0.5, 978, 1024, 1095, 1190
0, 1448, 1, 5, 0.5, 978, 1048, 1092, 1204
0, 1449, 1, 5, 0.5, 978, 1020, 1070, 1187
0, 1450, 1, 5, 0.5, 978, 1033, 1083, 1189
0, 1451, 1, 5, 0.5, 978, 1017, 1093, 1168
0, 1452, 1, 5, 0.5, 978, 1027, 1085, 1162
0, 1453, 1, 5, 0.5, 978, 1035, 1097, 1191
0, 1454, 1, 5, 0.5, 978, 1018, 1079, 1152
0, 1455, 1, 5, 0.5, 978, 1035, 1090, 1199
0, 1456, 1, 5, 0.5, 978, 1052, 1087, 1188
0, 1457, 1, 5, 0.5, 978, 1006, 1074, 1194
0, 1458, 1, 5, 0.5, 978, 1043, 1088, 1180
0, 1459, 1, 5, 0.5, 978, 1037, 1077, 1152
0, 1460, 1, 5, 0.5, 978, 1008, 1076, 1175
0, 1461, 1, 5, 0.5, 978, 1042, 1090, 1223
0, 1462, 1, 5, 0.5, 978, 1058, 1099, 1162
0, 1463, 1, 5, 0.5, 978, 1024, 1077, 1147
0, 1464, 1, 5, 0.5, 978, 1014, 1072, 1155
0, 1465, 1, 5, 0.5, 978, 1035, 1073, 1166
0, 1466, 1, 5, 0.5, 978, 1034, 1077, 1184
0, 1467, 1, 5, 0.5, 978, 1032, 1088, 1179
0, 1468, 1, 5, 0.5, 978, 1003, 1085, 1175
0, 1469, 1, 5, 0.5, 978, 1044, 1088, 1177
0, 1470, 1, 5, 0.5, 978, 1030, 1087, 1168
0, 1471, 1, 5, 0.5, 978, 1033, 1088, 1158
0, 1472, 1, 5, 0.5, 978, 1032, 1086, 1187
0, 1473, 1, 5, 0.5, 978, 1021, 1094, 1196
0, 1474, 1, 5, 0.5, 978, 1029, 1094, 1174
0, 1475, 1, 5, 0.5, 978, 1018, 1083, 1180
0, 1476, 1, 5, 0.5, 978, 1016, 1092, 1158
0, 1477, 1, 5, 0.5, 978, 1029, 1088, 1169
0, 1478, 1, 5, 0.5, 978, 1004, 1080, 1169
0, 1479, 1, 5, 0.5, 978, 1050, 1091, 1161
0, 1480, 1, 5, 0.5, 978, 1046, 1087, 1192
0, 1481, 1, 5, 0.5, 978, 1025, 1083, 1180
0, 1482, 1, 5, 0.5, 978, 1043, 1082, 1174
0, 1483, 1, 5, 0.5, 978, 1021, 1087, 1160
0, 1484, 1, 5, 0.5, 978, 1030, 1085, 1160
0, 1485, 1, 5, 0.5, 978, 1029, 1078, 1159
0, 1486, 1, 5, 0.5, 978, 1025, 1096, 1155
0, 1487, 1, 5, 0.5, 978, 1038, 1085, 1174
0, 1488, 1, 5, 0.5, 978, 1050, 1092, 1158
0, 1489, 1, 5, 0.5, 978, 1012, 1080, 1234
0, 1490, 1, 5, 0.5, 978, 1044, 1088, 1149
0, 1491, 1, 5, 0.5, 978, 1043, 1088, 1191
0, 1492, 1, 5, 0.5, 978, 1035, 1078, 1168
0, 1493, 1, 5, 0.5, 978, 1021, 1084, 1160
0, 1494, 1, 5, 0.5, 978, 1048, 1092, 1210
0, 1495, 1, 5, 0.5, 978, 1031, 1080, 1176
0, 1496, 1, 5, 0.5, 978, 1050, 1088, 1156
0, 1497, 1, 5, 0.5, 978, 1030, 1080, 1165
0, 1498, 1, 5, 0.5, 978, 1029, 1073, 1145
0, 1499, 1, 5, 0.5, 978, 1037, 1087, 1159
0, 1500, 1, 5, 0.5, 978, 1021, 1085, 1175
0, 1501, 1, 5, 0.5, 978, 1021, 1081, 1158
0, 1502, 1, 5, 0.5, 978, 1016, 1073, 1185
0, 1503, 1, 5, 0.5, 978, 1044, 1085, 1167
0, 1504, 1, 5, 0.5, 978, 1033, 1089, 1166
0, 1505, 1, 5, 0.5, 978, 1041, 1082, 1162
0, 1506, 1, 5, 0.5, 978, 1052, 1100, 1225
0, 1507, 1, 5, 0.5, 978, 1028, 1095, 1195
0, 1508, 1, 5, 0.5, 978, 1027, 1087, 1170
0, 1509, 1, 5, 0.5, 978, 1024, 1078, 1148
0, 1510, 1, 5, 0.5, 978, 1030, 1093, 1195
0, 1511, 1, 5, 0.5, 978, 1022, 1090, 1170
0, 1512, 1, 5, 0.5, 978, 1043, 1076, 1147
0, 1513, 1, 5, 0.5, 978, 1002, 1075, 1141
0, 1514, 1, 5, 0.5, 978, 1028, 1084, 1157
0, 1515, 1, 5, 0.5, 978, 1039, 1084, 1178
0, 1516, 1, 5, 0.5, 978, 1046, 1090, 1171
0, 1517, 1, 5, 0.5, 978, 1042, 1089, 1175
0, 1518, 1, 5, 0.5, 978, 1055, 1085, 1182
0, 1519, 1, 5, 0.5, 978, 1037, 1082, 1175
0, 1520, 1, 5, 0.5, 978, 1036, 1087, 1203
0, 1521, 1, 5, 0.5, 978, 1039, 1085, 1199
0, 1522, 1, 5, 0.5, 978, 1023, 1087, 1190
0, 1523, 1, 5, 0.5, 978, 1011, 1080, 1158
0, 1524, 1, 5, 0.5, 978, 1040, 1084, 1165
0, 1525, 1, 5, 0.5, 978, 1035, 1085, 1192
0, 1526, 1, 5, 0.5, 978, 1057, 1090, 1159
0, 1527, 1, 5, 0.5, 978, 1045, 1084, 1153
0, 1528, 1, 5, 0.5, 978, 1042, 1080, 1168
0, 1529, 1, 5, 0.5, 978, 1034, 1088, 1199
0, 1530, 1, 5, 0.5, 978, 1013, 1090, 1225
0, 1531, 1, 5, 0.5, 978, 1051, 1088, 1163
0, 1532, 1, 5, 0.5, 978, 1055, 1084, 1152
0, 1533, 1, 5, 0.5, 978, 990, 1087, 1166
0, 1534, 1, 5, 0.5, 978, 1047, 1088, 1200
0, 1535, 1, 5, 0.5, 978, 1030, 1087, 1169
0, 1536, 1, 5, 0.5, 978, 1029, 1085, 1186
0, 1537, 1, 5, 0.5, 978, 1022, 1089, 1148
0, 1538, 1, 5, 0.5, 978, 1056, 1087, 1161
0, 1539, 1, 5, 0.5, 978, 1042, 1085, 1176
0, 1540, 1, 5, 0.5, 978, 1058, 1097, 1170
0, 1541, 1, 5, 0.5, 978, 1051, 1088, 1151
0, 1542, 1, 5, 0.5, 978, 1030, 1082, 1169
0, 1543, 1, 5, 0.5, 978, 1019, 1080, 1211
0, 1544, 1, 5, 0.5, 978, 1035, 1095, 1186
0, 1545, 1, 5, 0.5, 978, 1006, 1095, 1180
0, 1546, 1, 5, 0.5, 978, 1023, 1082, 1148
0, 1547, 1, 5, 0.5, 978, 1010, 1089, 1190
0, 1548, 1, 5, 0.5, 978, 1024, 1078, 1150
0, 1549, 1, 5, 0.5, 978, 1027, 1096, 1176
0, 1550, 1, 5, 0.5, 978, 1029, 1073, 1123
0, 1551, 1, 5, 0.5, 978, 1027, 1074, 1163
0, 1552, 1, 5, 0.5, 978, 1038, 1088, 1180
0, 1553, 1, 5, 0.5, 978, 1035, 1074, 1156
0, 1554, 1, 5, 0.5, 978, 1022, 1082, 1178
0, 1555, 1, 5, 0.5, 978, 1054, 1091, 1176
0, 1556, 1, 5, 0.5, 978, 1032, 1082, 1180
0, 1557, 1, 5, 0.5, 978, 1015, 1081, 1198
0, 1558, 1, 5, 0.5, 978, 1025, 1088, 1191
0, 1559, 1, 5, 0.5, 978, 1034, 1086, 1188
0, 1560, 1, 5, 0.5, 978, 1064, 1085, 1144
0, 1561, 1, 5, 0.5, 978, 1043, 1085, 1189
0, 1562, 1, 5, 0.5, 978, 1003, 1095, 1160
0, 1563, 1, 5, 0.5, 978, 1041, 1080, 1157
0, 1564, 1, 5, 0.5, 978, 1047, 1087, 1175
0, 1565, 1, 5, 0.5, 978, 1028, 1078, 1152
0, 1566, 1, 5, 0.5, 978, 1032, 1075, 1150
0, 1567, 1, 5, 0.5, 978, 1048, 1083, 1168
0, 1568, 1, 5, 0.5, 978, 1032, 1088, 1175
0, 1569, 1, 5, 0.5, 978, 996, 1083, 1177
0, 1570, 1, 5, 0.5, 978, 1041, 1086, 1147
0, 1571, 1, 5, 0.5, 978, 1035, 1092, 1154
0, 1572, 1, 5, 0.5, 978, 1021, 1074, 1163
0, 1573, 1, 5, 0.5, 978, 1025, 1081, 1183
0, 1574, 1, 5, 0.5, 978, 1016, 1070, 1170
0, 1575, 1, 5, 0.5, 978, 1038, 1086, 1194
0, 1576, 1, 5, 0.5, 978, 1037, 1084, 1150
0, 1577, 1, 5, 0.5, 978, 1037, 1090, 1164
0, 1578, 1, 5, 0.5, 978, 1030, 1090, 1179
0, 1579, 1, 5, 0.5, 978, 1053, 1086, 1187
0, 1580, 1, 5, 0.5, 978, 1045, 1093, 1168
0, 1581, 1, 5, 0.5, 978, 1055, 1090, 1150
0, 1582, 1, 5, 0.5, 978, 1043, 1092, 1196
0, 1583, 1, 5, 0.5, 978, 1049, 1089, 1174
0, 1584, 1, 5, 0.5, 978, 1046, 1085, 1177
0, 1585, 1, 5, 0.5, 978, 1043, 1091, 1178
0, 1586, 1, 5, 0.5, 978, 1013, 1085, 1191
0, 1587, 1, 5, 0.5, 978, 1039, 1091, 1192
0, 1588, 1, 5, 0.5, 978, 1051, 1089, 1157
0, 1589, 1, 5, 0.5, 978, 1042, 1089, 1189
0, 1590, 1, 5, 0.5, 978, 1060, 1097, 1186
0, 1591, 1, 5, 0.5, 978, 1040, 1077, 1162
0, 1592, 1, 5, 0.5, 978, 1021, 1072, 1183
0, 1593, 1, 5, 0.5, 978, 1019, 1092, 1153
0, 1594, 1, 5, 0.5, 978, 1042, 1086, 1173
0, 1595, 1, 5, 0.5, 978, 1038, 1073, 1148
0, 1596, 1, 5, 0.5, 978, 1056, 1091, 1162
0, 1597, 1, 5, 0.5, 978, 1027, 1076, 1182
0, 1598, 1, 5, 0.5, 978, 1044, 1078, 1145
0, 1599, 1, 5, 0.5, 978, 1065, 1091, 1159
0, 1600, 1, 5, 0.5, 978, 1014, 1076, 1154
0, 1601, 1, 5, 0.5, 978, 1034, 1084, 1158
0, 1602, 1, 5, 0.5, 978, 1035, 1091, 1203
0, 1603, 1, 5, 0.5, 978, 1048, 1077, 1143
0, 1604, 1, 5, 0.5, 978, 1074, 1103, 1166
0, 1605, 1, 5, 0.5, 978, 1053, 1104, 1185
0, 1606, 1, 5, 0.5, 978, 1043, 1091, 1187
0, 1607, 1, 5, 0.5, 978, 1020, 1086, 1164
0, 1608, 1, 5, 0.5, 978, 1004, 1081, 1233
0, 1609, 1, 5, 0.5, 978, 1033, 1096, 1178
0, 1610, 1, 5, 0.5, 978, 1022, 1092, 1163
0, 1611, 1, 5, 0.5, 978, 1016, 1070, 1164
0, 1612, 1, 5, 0.5, 978, 1047, 1097, 1178
0, 1613, 1, 5, 0.5, 978, 1030, 1077, 1176
0, 1614, 1, 5, 0.5, 978, 1057, 1090, 1152
0, 1615, 1, 5, 0.5, 978, 1012, 1091, 1226
0, 1616, 1, 5, 0.5, 978, 1044, 1079, 1162
0, 1617, 1, 5, 0.5, 978, 1022, 1087, 1164
0, 1618, 1, 5, 0.5, 978, 1049, 1085, 1157
0, 1619, 1, 5, 0.5, 978, 1024, 1096, 1168
0, 1620, 1, 5, 0.5, 978, 1060, 1095, 1185
0, 1621, 1, 5, 0.5, 978, 1038, 1090, 1181
0, 1622, 1, 5, 0.5, 978, 1051, 1085, 1170
0, 1623, 1, 5, 0.5, 978, 1036, 1094, 1190
0, 1624, 1, 5, 0.5, 978, 1049, 1086, 1180
0, 1625, 1, 5, 0.5, 978, 1021, 1076, 1148
0, 1626, 1, 5, 0.5, 978, 1035, 1088, 1197
0, 1627, 1, 5, 0.5, 978, 1048, 1091, 1177
0, 1628, 1, 5, 0.5, 978, 1031, 1097, 1171
0, 1629, 1, 5, 0.5, 978, 1026, 1086, 1160
0, 1630, 1, 5, 0.5, 978, 1028, 1080, 1158
0, 1631, 1, 5, 0.5, 978, 1024, 1076, 1169
0, 1632, 1, 5, 0.5, 978, 1026, 1089, 1154
0, 1633, 1, 5, 0.5, 978, 1038, 1083, 1185
0, 1634, 1, 5, 0.5, 978, 1042, 1091, 1174
0, 1635, 1, 5, 0.5, 978, 1039, 1088, 1157
0, 1636, 1, 5, 0.5, 978, 1039, 1095, 1208
0, 1637, 1, 5, 0.5, 978, 1030, 1084, 1159
0, 1638, 1, 5, 0.5, 978, 1041, 1075, 1166
0, 1639, 1, 5, 0.5, 978, 1038, 1086, 1194
0, 1640, 1, 5, 0.5, 978, 1017, 1090, 1172
0, 1641, 1, 5, 0.5, 978, 1045, 1094, 1199
0, 1642, 1, 5, 0.5, 978, 1036, 1082, 1161
0, 1643, 1, 5, 0.5, 978, 1039, 1092, 1218
0, 1644, 1, 5, 0.5, 978, 1058, 1094, 1178
0, 1645, 1, 5, 0.5, 978, 1032, 1086, 1188
0, 1646, 1, 5, 0.5, 978, 1024, 1081, 1149
0, 1647, 1, 5, 0.5, 978, 1034, 1090, 1155
0, 1648, 1, 5, 0.5, 978, 1048, 1089, 1162
0, 1649, 1, 5, 0.5, 978, 1044, 1091, 1167
0, 1650, 1, 5, 0.5, 978, 1045, 1094, 1216
0, 1651, 1, 5, 0.5, 978, 1061, 1092, 1158
0, 1652, 1, 5, 0.5, 978, 1008, 1076, 1188
0, 1653, 1, 5, 0.5, 978, 1039, 1096, 1208
0, 1654, 1, 5, 0.5, 978, 1047, 1084, 1179
0, 1655, 1, 5, 0.5, 978, 1035, 1088, 1187
0, 1656, 1, 5, 0.5, 978, 1002, 1080, 1189
0, 1657, 1, 5, 0.5, 978, 1019, 1084, 1160
0, 1658, 1, 5, 0.5, 978, 1035, 1095, 1211
0, 1659, 1, 5, 0.5, 978, 1024, 1098, 1193
0, 1660, 1, 5, 0.5, 978, 1040, 1089, 1177
0, 1661, 1, 5, 0.5, 978, 1043, 1098, 1186
0, 1662, 1, 5, 0.5, 978, 1025, 1082, 1174
0, 1663, 1, 5, 0.5, 978, 1023, 1080, 1178
0, 1664, 1, 5, 0.5, 978, 1044, 1085, 1169
0, 1665, 1, 5, 0.5, 978, 1042, 1078, 1155
0, 1666, 1, 5, 0.5, 978, 1019, 1089, 1182
0, 1667, 1, 5, 0.5, 978, 1050, 1092, 1177
0, 1668, 1, 5, 0.5, 978, 1041, 1087, 1180
0, 1669, 1, 5, 0.5, 978, 1029, 1091, 1168
0, 1670, 1, 5, 0.5, 978, 1019, 1084, 1161
0, 1671, 1, 5, 0.5, 978, 1024, 1081, 1178
0, 1672, 1, 5, 0.5, 978, 1032, 1080, 1243
0, 1673, 1, 5, 0.5, 978, 1005, 1077, 1157
0, 1674, 1, 5, 0.5, 978, 1028, 1080, 1187
0, 1675, 1, 5, 0.5, 978, 1020, 1076, 1203
0, 1676, 1, 5, 0.5, 978, 1036, 1075, 1138
0, 1677, 1, 5, 0.5, 978, 1051, 1080, 1171
0, 1678, 1, 5, 0.5, 978, 1012, 1083, 1165
0, 1679, 1, 5, 0.5, 978, 1018, 1087, 1196
0, 1680, 1, 5, 0.5, 978, 1032, 1094, 1179
0, 1681, 1, 5, 0.5, 978, 1029, 1073, 1157
0, 1682, 1, 5, 0.5, 978, 1043, 1077, 1180
0, 1683, 1, 5, 0.5, 978, 1038, 1087, 1164
0, 1684, 1, 5, 0.5, 978, 1011, 1085, 1157
0, 1685, 1, 5, 0.5, 978, 1009, 1082, 1193
0, 1686, 1, 5, 0.5, 978, 1031, 1085, 1183
0, 1687, 1, 5, 0.5, 978, 1038, 1079, 1149
0, 1688, 1, 5, 0.5, 978, 1037, 1079, 1166
0, 1689, 1, 5, 0.5, 978, 1020, 1087, 1153
0, 1690, 1, 5, 0.5, 978, 1038, 1082, 1155
0, 1691, 1, 5, 0.5, 978, 1040, 1073, 1164
0, 1692, 1, 5, 0.5, 978, 1035, 1091, 1202
0, 1693, 1, 5, 0.5, 978, 1028, 1084, 1186
0, 1694, 1, 5, 0.5, 978, 1044, 1087, 1188
0, 1695, 1, 5, 0.5, 978, 1045, 1097, 1180
0, 1696, 1, 5, 0.5, 978, 1041, 1088, 1172
0, 1697, 1, 5, 0.5, 978, 1029, 1089, 1182
0, 1698, 1, 5, 0.5, 978, 1038, 1088, 1165
0, 1699, 1, 5, 0.5, 978, 1040, 1098, 1178
0, 1700, 1, 5, 0.5, 978, 1030, 1082, 1190
0, 1701, 1, 5, 0.5, 978, 1042, 1093, 1183
0, 1702, 1, 5, 0.5, 978, 1038, 1088, 1153
0, 1703, 1, 5, 0.5, 978, 1016, 1083, 1187
0, 1704, 1, 5, 0.5, 978, 1032, 1082, 1164
0, 1705, 1, 5, 0.5, 978, 1057, 1099, 1195
0, 1706, 1, 5, 0.5, 978, 1048, 1093, 1216
0, 1707, 1, 5, 0.5, 978, 1049, 1097, 1197
0, 1708, 1, 5, 0.5, 978, 1039, 1095, 1164
0, 1709, 1, 5, 0.5, 978, 1032, 1088, 1196
0, 1710, 1, 5, 0.5, 978, 1065, 1113, 1193
0, 1711, 1, 5, 0.5, 978, 1033, 1083, 1157
0, 1712, 1, 5, 0.5, 978, 1036, 1082, 1150
0, 1713, 1, 5, 0.5, 978, 1034, 1086, 1163
0, 1714, 1, 5, 0.5, 978, 1034, 1082, 1142
0, 1715, 1, 5, 0.5, 978, 1020, 1091, 1180
0, 1716, 1, 5, 0.5, 978, 1025, 1087, 1186
0, 1717, 1, 5, 0.5, 978, 1045, 1091, 1171
0, 1718, 1, 5, 0.5, 978, 1019, 1094, 1170
0, 1719, 1, 5, 0.5, 978, 1040, 1100, 1171
0, 1720, 1, 5, 0.5, 978, 1026, 1086, 1197
0, 1721, 1, 5, 0.5, 978, 1057, 1084, 1159
0, 1722, 1, 5, 0.5, 978, 1031, 1093, 1206
0, 1723, 1, 5, 0.5, 978, 1041, 1094, 1191
0, 1724, 1, 5, 0.5, 978, 1046, 1082, 1181
0, 1725, 1, 5, 0.5, 978, 1047, 1087, 1158
0, 1726, 1, 5, 0.5, 978, 1023, 1087, 1175
0, 1727, 1, 5, 0.5, 978, 1017, 1083, 1158
0, 1728, 1, 5, 0.5, 978, 1046, 1086, 1157
0, 1729, 1, 5, 0.5, 978, 1003, 1084, 1176
0, 1730, 1, 5, 0.5, 978, 1029, 1095, 1185
0, 1731, 1, 5, 0.5, 978, 1030, 1080, 1157
0, 1732, 1, 5, 0.5, 978, 1048, 1092, 1207
0, 1733, 1, 5, 0.5, 978, 1042, 1077, 1148
0, 1734, 1, 5, 0.5, 978, 1019, 1081, 1176
0, 1735, 1, 5, 0.5, 978, 1004, 1080, 1161
0, 1736, 1, 5, 0.5, 978, 1025, 1083, 1174
0, 1737, 1, 5, 0.5, 978, 1045, 1086, 1182
0, 1738, 1, 5, 0.5, 978, 1030, 1093, 1188
0, 1739, 1, 5, 0.5, 978, 1062, 1091, 1188
0, 1740, 1, 5, 0.5, 978, 1028, 1078, 1161
0, 1741, 1, 5, 0.5, 978, 1053, 1083, 1142
0, 1742, 1, 5, 0.5, 978, 1035, 1086, 1160
0, 1743, 1, 5, 0.5, 978, 1029, 1086, 1206
0, 1744, 1, 5, 0.5, 978, 1002, 1076, 1156
0, 1745, 1, 5, 0.5, 978, 998, 1069, 1166
0, 1746, 1, 5, 0.5, 978, 1038, 1082, 1172
0, 1747, 1, 5, 0.5, 978, 1038, 1086, 1171
0, 1748, 1, 5, 0.5, 978, 1004, 1069, 1163
0, 1749, 1, 5, 0.5, 978, 1025, 1070, 1163
0, 1750, 1, 5, 0.5, 978, 1029, 1088, 1193
0, 1751, 1, 5, 0.5, 978, 1008, 1085, 1181
0, 1752, 1, 5, 0.5, 978, 1029, 1072, 1177
0, 1753, 1, 5, 0.5, 978, 1037, 1091, 1199
0, 1754, 1, 5, 0.5, 978, 1014, 1081, 1183
0, 1755, 1, 5, 0.5, 978, 1031, 1083, 1147
0, 1756, 1, 5, 0.5, 978, 1039, 1076, 1173
0, 1757, 1, 5, 0.5, 978, 1034, 1092, 1190
0, 1758, 1, 5, 0.5, 978, 1023, 1076, 1206
0, 1759, 1, 5, 0.5, 978, 1035, 1085, 1171
0, 1760, 1, 5, 0.5, 978, 1027, 1082, 1136
0, 1761, 1, 5, 0.5, 978, 996, 1079, 1197
0, 1762, 1, 5, 0.5, 978, 1043, 1080, 1154
0, 1763, 1, 5, 0.5, 976, 976, 1083, 1174
0, 1764, 1, 5, 0.5, 976, 1043, 1083, 1173
0, 1765, 1, 5, 0.5, 976, 1050, 1084, 1169
0, 1766, 1, 5, 0.5, 976, 1038, 1090, 1167
0, 1767, 1, 5, 0.5, 976, 1051, 1096, 1206
0, 1768, 1, 5, 0.5, 976, 1028, 1095, 1173
0, 1769, 1, 5, 0.5, 976, 1044, 1089, 1178
0, 1770, 1, 5, 0.5, 976, 1008, 1079, 1185
0, 1771, 1, 5, 0.5, 976, 1039, 1079, 1180
0, 1772, 1, 5, 0.5, 976, 1039, 1076, 1141
0, 1773, 1, 5, 0.5, 976, 1021, 1085, 1167
0, 1774, 1, 5, 0.5, 976, 1046, 1095, 1180
0, 1775, 1, 5, 0.5, 976, 1051, 1099, 1157
0, 1776, 1, 5, 0.5, 976, 1042, 1083, 1147
0, 1777, 1, 5, 0.5, 976, 1030, 1093, 1161
0, 1778, 1, 5, 0.5, 976, 1042, 1079, 1178
0, 1779, 1, 5, 0.5, 976, 1042, 1087, 1166
0, 1780, 1, 5, 0.5, 976, 1065, 1088, 1194
0, 1781, 1, 5, 0.5, 976, 1005, 1097, 1172
0, 1782, 1, 5, 0.5, 976, 1012, 1088, 1144
0, 1783, 1, 5, 0.5, 976, 1045, 1086, 1189
0, 1784, 1, 5, 0.5, 976, 1016, 1073, 1158
0, 1785, 1, 5, 0.5, 976, 1034, 1089, 1174
0, 1786, 1, 5, 0.5, 976, 1020, 1085, 1167
0, 1787, 1, 5, 0.5, 976, 1046, 1082, 1166
0, 1788, 1, 5, 0.5, 976, 1039, 1084, 1157
0, 1789, 1, 5, 0.5, 976, 1026, 1096, 1199
0, 1790, 1, 5, 0.5, 976, 1039, 1090, 1179
0, 1791, 1, 5, 0.5, 976, 1015, 1080, 1200
0, 1792, 1, 5, 0.5, 976, 1031, 1087, 1187
0, 1793, 1, 5, 0.5, 976, 1025, 1085, 1146
0, 1794, 1, 5, 0.5, 976, 1041, 1101, 1194
0, 1795, 1, 5, 0.5, 976, 1045, 1092, 1175
0, 1796, 1, 5, 0.5, 976, 1019, 1073, 1170
0, 1797, 1, 5, 0.5, 976, 1033, 1084, 1169
0, 1798, 1, 5, 0.5, 976, 1045, 1080, 1179
0, 1799, 1, 5, 0.5, 976, 1054, 1098, 1184
0, 1800, 1, 5, 0.5, 976, 1024, 1073, 1151
0, 1801, 1, 5, 0.5, 976, 1039, 1079, 1162
0, 1802, 1, 5, 0.5, 976, 1028, 1087, 1153
0, 1803, 1, 5, 0.5, 976, 1033, 1090, 1176
0, 1804, 1, 5, 0.5, 976, 1041, 1088, 1177
0, 1805, 1, 5, 0.5, 976, 1034, 1089, 1164
0, 1806, 1, 5, 0.5, 976, 1025, 1084, 1145
0, 1807, 1, 5, 0.5, 976, 1032, 1087, 1194
0, 1808, 1, 5, 0.5, 976, 1045, 1090, 1168
0, 1809, 1, 5, 0.5, 976, 1029, 1090, 1177
0, 1810, 1, 5, 0.5, 976, 1004, 1093, 1185
0, 1811, 1, 5, 0.5, 976, 1014, 1093, 1193
0, 1812, 1, 5, 0.5, 976, 1017, 1078, 1163
0, 1813, 1, 5, 0.5, 976, 1058, 1093, 1168
0, 1814, 1, 5, 0.5, 976, 1034, 1082, 1159
0, 1815, 1, 5, 0.5, 976, 1016, 1080, 1159
0, 1816, 1, 5, 0.5, 976, 1013, 1083, 1167
0, 1817, 1, 5, 0.5, 976, 1039, 1090, 1195
0, 1818, 1, 5, 0.5, 976, 1026, 1087, 1187
0, 1819, 1, 5, 0.5, 976, 1037, 1092, 1188
0, 1820, 1, 5, 0.5, 976, 1047, 1095, 1155
0, 1821, 1, 5, 0.5, 976, 1031, 1089, 1182
0, 1822, 1, 5, 0.5, 976, 1041, 1079, 1233
0, 1823, 1, 5, 0.5, 976, 994, 1087, 1157
0, 1824, 1, 5, 0.5, 976, 1026, 1084, 1197
0, 1825, 1, 5, 0.5, 976, 1054, 1083, 1161
0, 1826, 1, 5, 0.5, 976, 1032, 1092, 1186
0, 1827, 1, 5, 0.5, 976, 1031, 1087, 1146
0, 1828, 1, 5, 0.5, 976, 1018, 1081, 1178
0, 1829, 1, 5, 0.5, 976, 1021, 1086, 1166
0, 1830, 1, 5, 0.5, 976, 1028, 1086, 1187
0, 1831, 1, 5, 0.5, 976, 1009, 1088, 1202
0, 1832, 1, 5, 0.5, 976, 1034, 1077, 1159
0, 1833, 1, 5, 0.5, 976, 1020, 1079, 1164
0, 1834, 1, 5, 0.5, 976, 991, 1088, 1168
0, 1835, 1, 5, 0.5, 976, 1038, 1084, 1181
0, 1836, 1, 5, 0.5, 976, 1021, 1081, 1158
0, 1837, 1, 5, 0.5, 976, 1028, 1079, 1163
0, 1838, 1, 5, 0.5, 976, 1043, 1091, 1190
0, 1839, 1, 5, 0.5, 976, 1047, 1093, 1170
0, 1840, 1, 5, 0.5, 976, 1053, 1087, 1157
0, 1841, 1, 5, 0.5, 976, 1022, 1074, 1143
0, 1842, 1, 5, 0.5, 976, 1027, 1082, 1157
0, 1843, 1, 5, 0.5, 976, 1026, 1086, 1157
0, 1844, 1, 5, 0.5, 976, 1017, 1072, 1181
0, 1845, 1, 5, 0.5, 976, 1050, 1096, 1186
0, 1846, 1, 5, 0.5, 976, 1019, 1081, 1171
0, 1847, 1, 5, 0.5, 976, 1022, 1083, 1184
0, 1848, 1, 5, 0.5, 976, 1015, 1078, 1159
0, 1849, 1, 5, 0.5, 976, 1031, 1080, 1158
0, 1850, 1, 5, 0.5, 976, 1055, 1093, 1187
0, 1851, 1, 5, 0.5, 976, 1022, 1066, 1144
0, 1852, 1, 5, 0.5, 976, 1030, 1081, 1180
0, 1853, 1, 5, 0.5, 976, 1024, 1074, 1141
0, 1854, 1, 5, 0.5, 976, 1044, 1085, 1216
0, 1855, 1, 5, 0.5, 976, 1059, 1094, 1230
0, 1856, 1, 5, 0.5, 976, 1040, 1081, 1219
0, 1857, 1, 5, 0.5, 976, 1022, 1071, 1143
0, 1858, 1, 5, 0.5, 976, 1029, 1083, 1196
0, 1859, 1, 5, 0.5, 976, 1014, 1084, 1176
0, 1860, 1, 5, 0.5, 976, 1028, 1078, 1149
0, 1861, 1, 5, 0.5, 976, 1003, 1078, 1169
0, 1862, 1, 5, 0.5, 976, 1006, 1084, 1150
0, 1863, 1, 5, 0.5, 976, 1033, 1081, 1195
0, 1864, 1, 5, 0.5, 976, 1034, 1076, 1152
0, 1865, 1, 5, 0.5, 976, 1008, 1087, 1188
0, 1866, 1, 5, 0.5, 976, 1033, 1079, 1153
0, 1867, 1, 5, 0.5, 976, 1043, 1096, 1166
0, 1868, 1, 5, 0.5, 976, 1026, 1082, 1158
0, 1869, 1, 5, 0.5, 976, 1048, 1096, 1164
0, 1870, 1, 5, 0.5, 976, 1039, 1089, 1183
0, 1871, 1, 5, 0.5, 976, 1018, 1084, 1180
0, 1872, 1, 5, 0.5, 976, 1019, 1082, 1159
0, 1873, 1, 5, 0.5, 976, 1047, 1087, 1186
0, 1874, 1, 5, 0.5, 976, 1031, 1088, 1142
0, 1875, 1, 5, 0.5, 976, 1026, 1075, 1157
0, 1876, 1, 5, 0.5, 976, 1031, 1081, 1158
0, 1877, 1, 5, 0.5, 976, 1050, 1084, 1189
0, 1878, 1, 5, 0.5, 976, 1009, 1080, 1196
0, 1879, 1, 5, 0.5, 976, 1031, 1091, 1212
0, 1880, 1, 5, 0.5, 976, 1057, 1087, 1156
0, 1881, 1, 5, 0.5, 976, 1031, 1079, 1159
0, 1882, 1, 5, 0.5, 976, 1030, 1079, 1179
0, 1883, 1, 5, 0.5, 976, 1015, 1068, 1129
0, 1884, 1, 5, 0.5, 976, 1038, 1071, 1202
0, 1885, 1, 5, 0.5, 976, 1019, 1079, 1156
0, 1886, 1, 5, 0.5, 976, 1017, 1077, 1216
0, 1887, 1, 5, 0.5, 976, 1043, 1078, 1194
0, 1888, 1, 5, 0.5, 976, 1021, 1084, 1164
0, 1889, 1, 5, 0.5, 976, 1050, 1089, 1159
0, 1890, 1, 5, 0.5, 976, 1027, 1086, 1160
0, 1891, 1, 5, 0.5, 976, 1052, 1093, 1175
0, 1892, 1, 5, 0.5, 976, 1030, 1081, 1157
0, 1893, 1, 5, 0.5, 976, 1009, 1076, 1147
0, 1894, 1, 5, 0.5, 976, 1033, 1078, 1139
0, 1895, 1, 5, 0.5, 976, 1008, 1085, 1170
0, 1896, 1, 5, 0.5, 976, 1053, 1085, 1157
0, 1897, 1, 5, 0.5, 976, 1038, 1078, 1164
0, 1898, 1, 5, 0.5, 976, 1048, 1085, 1142
0, 1899, 1, 5, 0.5, 976, 1016, 1082, 1194
0, 1900, 1, 5, 0.5, 976, 1049, 1089, 1164
0, 1901, 1, 5, 0.5, 976, 1022, 1079, 1192
0, 1902, 1, 5, 0.5, 976, 1058, 1090, 1182
0, 1903, 1, 5, 0.5, 976, 1053, 1094, 1158
0, 1904, 1, 5, 0.5, 976, 1050, 1097, 1190
0, 1905, 1, 5, 0.5, 976, 1026, 1091, 1173
0, 1906, 1, 5, 0.5, 976, 1028, 1087, 1184
0, 1907, 1, 5, 0.5, 976, 1024, 1071, 1145
0, 1908, 1, 5, 0.5, 976, 1035, 1087, 1161
0, 1909, 1, 5, 0.5, 976, 1044, 1084, 1176
0, 1910, 1, 5, 0.5, 976, 1028, 1089, 1182
0, 1911, 1, 5, 0.5, 976, 1048, 1093, 1146
0, 1912, 1, 5, 0.5, 976, 1034, 1097, 1181
0, 1913, 1, 5, 0.5, 976, 1036, 1087, 1178
0, 1914, 1, 5, 0.5, 976, 1028, 1081, 1150
0, 1915, 1, 5, 0.5, 976, 1040, 1079, 1171
0, 1916, 1, 5, 0.5, 976, 991, 1090, 1182
0, 1917, 1, 5, 0.5, 976, 1027, 1091, 1174
0, 1918, 1, 5, 0.5, 976, 1047, 1080, 1158
0, 1919, 1, 5, 0.5, 976, 1040, 1099, 1186
0, 1920, 1, 5, 0.5, 976, 1066, 1085, 1142
0, 1921, 1, 5, 0.5, 976, 1037, 1091, 1173
0, 1922, 1, 5, 0.5, 976, 1045, 1080, 1153
0, 1923, 1, 5, 0.5, 976, 1058, 1089, 1156
0, 1924, 1, 5, 0.5, 976, 1013, 1084, 1180
0, 1925, 1, 5, 0.5, 976, 1035, 1077, 1152
0, 1926, 1, 5, 0.5, 976, 1041, 1085, 1166
0, 1927, 1, 5, 0.5, 976, 1021, 1085, 1224
0, 1928, 1, 5, 0.5, 976, 1053, 1091, 1197
0, 1929, 1, 5, 0.5, 976, 1024, 1082, 1163
0, 1930, 1, 5, 0.5, 976, 1006, 1079, 1193
0, 1931, 1, 5, 0.5, 976, 1037, 1076, 1151
0, 1932, 1, 5, 0.5, 976, 1025, 1079, 1169
0, 1933, 1, 5, 0.5, 976, 1027, 1088, 1174
0, 1934, 1, 5, 0.5, 976, 1020, 1094, 1195
0, 1935, 1, 5, 0.5, 976, 1014, 1070, 1149
0, 1936, 1, 5, 0.5, 976, 1028, 1085, 1194
0, 1937, 1, 5, 0.5, 976, 1033, 1085, 1158
0, 1938, 1, 5, 0.5, 976, 1057, 1088, 1150
0, 1939, 1, 5, 0.5, 976, 1025, 1090, 1168
0, 1940, 1, 5, 0.5, 976, 1050, 1098, 1189
0, 1941, 1, 5, 0.5, 976, 1055, 1094, 1155
0, 1942, 1, 5, 0.5, 976, 1029, 1078, 1181
0, 1943, 1, 5, 0.5, 976, 1034, 1094, 1156
0, 1944, 1, 5, 0.5, 976, 1023, 1081, 1186
0, 1945, 1, 5, 0.5, 976, 1041, 1077, 1150
0, 1946, 1, 5, 0.5, 976, 1036, 1082, 1170
0, 1947, 1, 5, 0.5, 976, 1053, 1094, 1173
0, 1948, 1, 5, 0.5, 976, 1050, 1093, 1177
0, 1949, 1, 5, 0.5, 976, 1045, 1089, 1201
0, 1950, 1, 5, 0.5, 976, 1031, 1089, 1174
0, 1951, 1, 5, 0.5, 976, 1026, 1071, 1145
0, 1952, 1, 5, 0.5, 976, 1046, 1085, 1167
0, 1953, 1, 5, 0.5, 976, 1043, 1097, 1185
0, 1954, 1, 5, 0.5, 976, 1043, 1090, 1174
0, 1955, 1, 5, 0.5, 976, 1040, 1099, 1208
0, 1956, 1, 5, 0.5, 976, 1062, 1086, 1160
0, 1957, 1, 5, 0.5, 976, 1036, 1094, 1204
0, 1958, 1, 5, 0.5, 976, 1058, 1102, 1192
0, 1959, 1, 5, 0.5, 976, 1061, 1097, 1183
0, 1960, 1, 5, 0.5, 976, 1043, 1091, 1181
0, 1961, 1, 5, 0.5, 976, 1032, 1091, 1196
0, 1962, 1, 5, 0.5, 976, 1033, 1089, 1168
0, 1963, 1, 5, 0.5, 976, 1043, 1091, 1162
0, 1964, 1, 5, 0.5, 976, 1047, 1089, 1201
0, 1965, 1, 5, 0.5, 976, 1056, 1097, 1160
0, 1966, 1, 5, 0.5, 976, 1048, 1087, 1169
0, 1967, 1, 5, 0.5, 976, 1058, 1104, 1188
0, 1968, 1, 5, 0.5, 976, 1053, 1088, 1166
0, 1969, 1, 5, 0.5, 976, 1037, 1084, 1170
0, 1970, 1, 5, 0.5, 976, 1063, 1087, 1143
0, 1971, 1, 5, 0.5, 976, 1033, 1077, 1177
0, 1972, 1, 5, 0.5, 976, 1065, 1082, 1173
0, 1973, 1, 5, 0.5, 976, 1034, 1088, 1159
0, 1974, 1, 5, 0.5, 976, 1053, 1091, 1160
0, 1975, 1, 5, 0.5, 976, 1056, 1091, 1185
0, 1976, 1, 5, 0.5, 976, 1022, 1091, 1171
0, 1977, 1, 5, 0.5, 976, 1014, 1077, 1175
0, 1978, 1, 5, 0.5, 976, 1053, 1094, 1172
0, 1979, 1, 5, 0.5, 976, 1042, 1106, 1195
0, 1980, 1, 5, 0.5, 976, 1034, 1094, 1173
0, 1981, 1, 5, 0.5, 976, 1030, 1075, 1152
0, 1982, 1, 5, 0.5, 976, 1046, 1088, 1176
0, 1983, 1, 5, 0.5, 976, 1047, 1096, 1188
0, 1984, 1, 5, 0.5, 976, 1036, 1081, 1169
0, 1985, 1, 5, 0.5, 976, 1035, 1090, 1173
0, 1986, 1, 5, 0.5, 976, 1039, 1096, 1209
0, 1987, 1, 5, 0.5, 976, 1012, 1078, 1146
0, 1988, 1, 5, 0.5, 976, 1031, 1087, 1153
0, 1989, 1, 5, 0.5, 976, 1029, 1096, 1204
0, 1990, 1, 5, 0.5, 976, 1027, 1091, 1174
0, 1991, 1, 5, 0.5, 976, 1041, 1092, 1170
0, 1992, 1, 5, 0.5, 976, 1004, 1090, 1203
0, 1993, 1, 5, 0.5, 976, 1041, 1075, 1154
0, 1994, 1, 5, 0.5, 976, 1045, 1084, 1152
0, 1995, 1, 5, 0.5, 976, 1002, 1090, 1207
0, 1996, 1, 5, 0.5, 976, 1047, 1082, 1166
0, 1997, 1, 5, 0.5, 976, 1049, 1093, 1173
0, 1998, 1, 5, 0.5, 976, 1039, 1086, 1160
0, 1999, 1, 5, 0.5, 976, 1025, 1077, 1167
